GymnastID,Week,Event,Team,Score,Score_Z,Predicted_Score,Predicted_Score_No_Team
30345,8,BB,Arkansas,9.85,0.4426478063667999,0.2406959819123624,-0.036365894959080325
30345,8,FX,Arkansas,9.85,0.4426478063667999,0.3961947148587614,0.11859398069423238
30345,8,UB,Arkansas,9.75,0.05325256057838638,0.2728311781497101,0.0009673303052166182
30804,8,FX,Alabama,9.9,0.6373454292610101,0.4017463981705056,0.11859398069423238
30804,8,UB,Alabama,9.9,0.6373454292610101,0.2783828614614543,0.0009673303052166182
30817,8,BB,Arizona,9.875,0.5399966178139051,0.12765702944634177,-0.036365894959080325
30817,8,UB,Arizona,9.825,0.3452989949196948,0.15979222568368945,0.0009673303052166182
30823,8,UB,Penn State,9.875,0.5399966178139051,0.06892335304726549,0.0009673303052166182
30824,8,BB,Arizona State,9.85,0.4426478063667999,0.015679335494037883,-0.036365894959080325
30824,8,FX,Arizona State,9.875,0.5399966178139051,0.17117806844043693,0.11859398069423238
30824,8,UB,Arizona State,9.925,0.7346942407081153,0.0478145317313855,0.0009673303052166182
30826,8,UB,Arizona State,9.9,0.6373454292610101,0.0478145317313855,0.0009673303052166182
30826,8,VT,Arizona State,9.875,0.5399966178139051,0.17270360729908263,0.1210316580595111
30828,8,VT,Georgia,9.75,0.05325256057838638,0.5042740617878425,0.1210316580595111
30829,8,BB,Arizona State,9.825,0.3452989949196948,0.015679335494037883,-0.036365894959080325
30829,8,FX,Arizona State,9.95,0.8320430521552135,0.17117806844043693,0.11859398069423238
30829,8,UB,Arizona State,9.95,0.8320430521552135,0.0478145317313855,0.0009673303052166182
30829,8,VT,Arizona State,9.85,0.4426478063667999,0.17270360729908263,0.1210316580595111
30836,8,BB,Auburn,9.85,0.4426478063667999,0.1989677355440378,-0.036365894959080325
30836,8,FX,Auburn,9.875,0.5399966178139051,0.35446646849043684,0.11859398069423238
30841,8,VT,Ball State,9.8,0.2479501834725966,0.06971092927868294,0.1210316580595111
30842,8,VT,Ball State,9.8,0.2479501834725966,0.06971092927868294,0.1210316580595111
30846,8,BB,Boise State,9.375,-1.4069796111281696,-0.0773944553849113,-0.036365894959080325
30846,8,UB,Boise State,9.825,0.3452989949196948,-0.045259259147563624,0.0009673303052166182
30846,8,VT,Boise State,9.8,0.2479501834725966,0.07962981642013334,0.1210316580595111
30847,8,VT,Boise State,9.65,-0.33614268521002716,0.07962981642013334,0.1210316580595111
30856,8,BB,Nebraska,9.875,0.5399966178139051,-0.09232454317545402,-0.036365894959080325
30856,8,FX,Nebraska,9.925,0.7346942407081153,0.06317418977094497,0.11859398069423238
30856,8,UB,Nebraska,9.775,0.15060137202549148,-0.06018934693810635,0.0009673303052166182
30856,8,VT,Nebraska,9.75,0.05325256057838638,0.06469972862959061,0.1210316580595111
30860,8,UB,BYU,9.825,0.3452989949196948,-0.06630141870009437,0.0009673303052166182
30869,8,BB,Pittsburgh,9.85,0.4426478063667999,-0.21261872760888634,-0.036365894959080325
30869,8,FX,Pittsburgh,9.675,-0.23879387376292205,-0.05711999466248735,0.11859398069423238
30869,8,VT,Pittsburgh,9.775,0.15060137202549148,-0.0555944558038417,0.1210316580595111
30873,8,UB,Denver,9.9,0.6373454292610101,0.10265557796838642,0.0009673303052166182
30873,8,VT,Denver,9.925,0.7346942407081153,0.22754465353608344,0.1210316580595111
30875,8,FX,Denver,9.85,0.4426478063667999,0.22601911467743774,0.11859398069423238
30875,8,VT,Denver,9.825,0.3452989949196948,0.22754465353608344,0.1210316580595111
30876,8,BB,Denver,9.725,-0.04409625086871873,0.0705203817310388,-0.036365894959080325
30876,8,UB,Denver,9.875,0.5399966178139051,0.10265557796838642,0.0009673303052166182
30876,8,VT,Denver,9.875,0.5399966178139051,0.22754465353608344,0.1210316580595111
30877,8,BB,Denver,9.85,0.4426478063667999,0.0705203817310388,-0.036365894959080325
30884,8,UB,Penn State,9.875,0.5399966178139051,0.06892335304726549,0.0009673303052166182
30885,8,VT,Florida,9.8,0.2479501834725966,0.4359252575871504,0.1210316580595111
30890,8,BB,George Washington,9.875,0.5399966178139051,-0.12259550845179656,-0.036365894959080325
30890,8,FX,George Washington,9.875,0.5399966178139051,0.03290322449460242,0.11859398069423238
30890,8,VT,George Washington,9.75,0.05325256057838638,0.03442876335324807,0.1210316580595111
30893,8,BB,Florida,9.875,0.5399966178139051,0.27890098578210576,-0.036365894959080325
30893,8,FX,Florida,9.875,0.5399966178139051,0.4343997187285047,0.11859398069423238
30895,8,FX,Illinois State,9.75,0.05325256057838638,-0.1428148267471221,0.11859398069423238
30895,8,VT,Illinois State,9.625,-0.43349149665713227,-0.1412892878884764,0.1210316580595111
30902,8,UB,Arkansas,9.825,0.3452989949196948,0.2728311781497101,0.0009673303052166182
30903,8,BB,Illinois,9.775,0.15060137202549148,-0.29812545955217584,-0.036365894959080325
30903,8,UB,Illinois,9.9,0.6373454292610101,-0.2659902633148282,0.0009673303052166182
30905,8,BB,Missouri,9.85,0.4426478063667999,0.3485289066501819,-0.036365894959080325
30908,8,BB,Iowa,9.875,0.5399966178139051,-0.18369051076951526,-0.036365894959080325
30908,8,UB,Iowa,9.7,-0.14144506231582385,-0.15155531453216758,0.0009673303052166182
30921,8,FX,Kentucky,9.925,0.7346942407081153,0.47315251459965846,0.11859398069423238
30921,8,UB,Kentucky,9.85,0.4426478063667999,0.34978897789060703,0.0009673303052166182
30922,8,BB,Kentucky,9.95,0.8320430521552135,0.3176537816532594,-0.036365894959080325
30922,8,FX,Kentucky,9.875,0.5399966178139051,0.47315251459965846,0.11859398069423238
30922,8,VT,Kentucky,9.925,0.7346942407081153,0.47467805345830416,0.1210316580595111
30925,8,BB,Utah State,9.8,0.2479501834725966,-0.07996614948780678,-0.036365894959080325
30925,8,FX,Utah State,9.875,0.5399966178139051,0.07553258345859226,0.11859398069423238
30934,8,FX,Pittsburgh,9.875,0.5399966178139051,-0.05711999466248735,0.11859398069423238
30934,8,UB,Pittsburgh,9.725,-0.04409625086871873,-0.18048353137153872,0.0009673303052166182
30934,8,VT,Pittsburgh,9.8,0.2479501834725966,-0.0555944558038417,0.1210316580595111
30948,8,UB,Missouri,9.9,0.6373454292610101,0.3806641028875295,0.0009673303052166182
30950,8,BB,LSU,9.85,0.4426478063667999,0.5057381393493668,-0.036365894959080325
30950,8,FX,LSU,9.825,0.3452989949196948,0.6612368722957658,0.11859398069423238
30952,8,BB,LSU,9.85,0.4426478063667999,0.5057381393493668,-0.036365894959080325
30952,8,FX,LSU,9.9,0.6373454292610101,0.6612368722957658,0.11859398069423238
30952,8,UB,LSU,9.85,0.4426478063667999,0.5378733355867145,0.0009673303052166182
30952,8,VT,LSU,9.9,0.6373454292610101,0.6627624111544115,0.1210316580595111
30958,8,BB,Maryland,9.6,-0.5308403081042373,-0.16109895578478062,-0.036365894959080325
30958,8,FX,Maryland,9.75,0.05325256057838638,-0.0056002228383816854,0.11859398069423238
30958,8,UB,Maryland,9.725,-0.04409625086871873,-0.128963759547433,0.0009673303052166182
30958,8,VT,Maryland,9.625,-0.43349149665713227,-0.004074683979735982,0.1210316580595111
30961,8,BB,Michigan,9.9,0.6373454292610101,0.19460233434196733,-0.036365894959080325
30961,8,FX,Michigan,9.925,0.7346942407081153,0.3501010672883663,0.11859398069423238
30961,8,UB,Michigan,9.975,0.9293918636023185,0.226737530579315,0.0009673303052166182
30964,8,BB,Michigan,9.775,0.15060137202549148,0.19460233434196733,-0.036365894959080325
30964,8,VT,Michigan,9.95,0.8320430521552135,0.35162660614701197,0.1210316580595111
30968,8,FX,Michigan State,9.9,0.6373454292610101,0.45078974240446334,0.11859398069423238
30968,8,UB,Michigan State,9.85,0.4426478063667999,0.32742620569541203,0.0009673303052166182
30970,8,BB,Michigan State,9.95,0.8320430521552135,0.2952910094580644,-0.036365894959080325
30973,8,FX,Minnesota,9.925,0.7346942407081153,0.14982759255258227,0.11859398069423238
30973,8,UB,Minnesota,9.95,0.8320430521552135,0.026464055843530954,0.0009673303052166182
30973,8,VT,Minnesota,9.85,0.4426478063667999,0.15135313141122791,0.1210316580595111
30975,8,BB,Minnesota,9.85,0.4426478063667999,-0.00567114039381672,-0.036365894959080325
30975,8,FX,Minnesota,9.9,0.6373454292610101,0.14982759255258227,0.11859398069423238
30977,8,UB,Missouri,9.775,0.15060137202549148,0.3806641028875295,0.0009673303052166182
31008,8,BB,Ohio State,9.725,-0.04409625086871873,-0.030761712607219605,-0.036365894959080325
31009,8,BB,Oklahoma,9.8875,0.5886710235374542,0.5644632272655963,-0.036365894959080325
31009,8,FX,Oklahoma,9.9,0.6373454292610101,0.7199619602119951,0.11859398069423238
31009,8,UB,Oklahoma,9.9,0.6373454292610101,0.5965984235029439,0.0009673303052166182
31009,8,VT,Oklahoma,9.8375,0.3939734006432508,0.7214874990706408,0.1210316580595111
31018,8,BB,Oregon State,9.95,0.8320430521552135,0.33320678522459457,-0.036365894959080325
31018,8,FX,Oregon State,9.925,0.7346942407081153,0.48870551817099356,0.11859398069423238
31018,8,UB,Oregon State,9.925,0.7346942407081153,0.36534198146194224,0.0009673303052166182
31018,8,VT,Oregon State,9.875,0.5399966178139051,0.4902310570296392,0.1210316580595111
31019,8,BB,Oregon State,8.875,-3.353955840070244,0.33320678522459457,-0.036365894959080325
31027,8,BB,Penn State,9.875,0.5399966178139051,0.03678815680991787,-0.036365894959080325
31027,8,UB,Penn State,9.8,0.2479501834725966,0.06892335304726549,0.0009673303052166182
31027,8,VT,Penn State,9.9,0.6373454292610101,0.1938124286149625,0.1210316580595111
31032,8,BB,Towson,9.75,0.05325256057838638,-0.1823616284391606,-0.036365894959080325
31037,8,FX,West Virginia,9.75,0.05325256057838638,-0.18274768811603676,0.11859398069423238
31037,8,UB,West Virginia,9.825,0.3452989949196948,-0.3061112248250881,0.0009673303052166182
31039,8,UB,Rutgers,9.675,-0.23879387376292205,-0.44396786652692044,0.0009673303052166182
31085,8,BB,UCLA,9.875,0.5399966178139051,0.3475884092002095,-0.036365894959080325
31085,8,UB,UCLA,9.875,0.5399966178139051,0.3797236054375571,0.0009673303052166182
31086,8,UB,UCLA,9.8,0.2479501834725966,0.3797236054375571,0.0009673303052166182
31087,8,BB,UCLA,9.675,-0.23879387376292205,0.3475884092002095,-0.036365894959080325
31087,8,FX,UCLA,9.975,0.9293918636023185,0.5030871421466085,0.11859398069423238
31087,8,VT,UCLA,9.8,0.2479501834725966,0.504612681005254,0.1210316580595111
31089,8,FX,Utah,9.95,0.8320430521552135,0.5850313408120809,0.11859398069423238
31089,8,VT,Utah,9.825,0.3452989949196948,0.5865568796707266,0.1210316580595111
31095,8,BB,Utah State,9.875,0.5399966178139051,-0.07996614948780678,-0.036365894959080325
31095,8,UB,Utah State,9.825,0.3452989949196948,-0.04783095325045916,0.0009673303052166182
31095,8,VT,Utah State,9.75,0.05325256057838638,0.07705812231723796,0.1210316580595111
31099,8,FX,Utah State,9.75,0.05325256057838638,0.07553258345859226,0.11859398069423238
31101,8,BB,Kentucky,9.9,0.6373454292610101,0.3176537816532594,-0.036365894959080325
31101,8,FX,Kentucky,9.85,0.4426478063667999,0.47315251459965846,0.11859398069423238
31101,8,UB,Kentucky,9.85,0.4426478063667999,0.34978897789060703,0.0009673303052166182
31101,8,VT,Kentucky,9.825,0.3452989949196948,0.47467805345830416,0.1210316580595111
31103,8,BB,Washington,9.6,-0.5308403081042373,-0.09184153887159863,-0.036365894959080325
31103,8,FX,Washington,9.75,0.05325256057838638,0.06365719407480036,0.11859398069423238
31103,8,UB,Washington,9.9,0.6373454292610101,-0.05970634263425095,0.0009673303052166182
31104,8,BB,Iowa State,9.15,-2.2831189141521016,-0.18540630885262332,-0.036365894959080325
31104,8,UB,Iowa State,9.525,-0.8228867424455458,-0.1532711126152757,0.0009673303052166182
31245,8,BB,Alabama,9.875,0.5399966178139051,0.24624766522410668,-0.036365894959080325
31245,8,VT,Alabama,9.575,-0.6281891195513425,0.4032719370291513,0.1210316580595111
31247,8,BB,Alabama,9.875,0.5399966178139051,0.24624766522410668,-0.036365894959080325
31247,8,FX,Alabama,9.95,0.8320430521552135,0.4017463981705056,0.11859398069423238
31247,8,UB,Alabama,9.9,0.6373454292610101,0.2783828614614543,0.0009673303052166182
31247,8,VT,Alabama,9.9,0.6373454292610101,0.4032719370291513,0.1210316580595111
31248,8,VT,Alabama,9.8,0.2479501834725966,0.4032719370291513,0.1210316580595111
31253,8,BB,Arizona,9.85,0.4426478063667999,0.12765702944634177,-0.036365894959080325
31253,8,FX,Arizona,9.825,0.3452989949196948,0.28315576239274076,0.11859398069423238
31253,8,UB,Arizona,9.825,0.3452989949196948,0.15979222568368945,0.0009673303052166182
31253,8,VT,Arizona,9.8,0.2479501834725966,0.2846813012513864,0.1210316580595111
31254,8,FX,Arizona,9.8,0.2479501834725966,0.28315576239274076,0.11859398069423238
31254,8,VT,Arizona,9.725,-0.04409625086871873,0.2846813012513864,0.1210316580595111
31255,8,BB,Arizona,9.875,0.5399966178139051,0.12765702944634177,-0.036365894959080325
31255,8,FX,Arizona,8.9,-3.2566070286231388,0.28315576239274076,0.11859398069423238
31255,8,UB,Arizona,9.75,0.05325256057838638,0.15979222568368945,0.0009673303052166182
31255,8,VT,Arizona,9.8,0.2479501834725966,0.2846813012513864,0.1210316580595111
31258,8,BB,Arkansas,9.225,-1.9910724798107933,0.2406959819123624,-0.036365894959080325
31258,8,VT,Arkansas,9.875,0.5399966178139051,0.39772025371740705,0.1210316580595111
31259,8,FX,Arkansas,9.825,0.3452989949196948,0.3961947148587614,0.11859398069423238
31259,8,VT,Arkansas,9.9,0.6373454292610101,0.39772025371740705,0.1210316580595111
31260,8,BB,Arkansas,9.875,0.5399966178139051,0.2406959819123624,-0.036365894959080325
31260,8,FX,Arkansas,9.875,0.5399966178139051,0.3961947148587614,0.11859398069423238
31262,8,BB,Arkansas,9.0,-2.8672117828347257,0.2406959819123624,-0.036365894959080325
31262,8,FX,Arkansas,9.825,0.3452989949196948,0.3961947148587614,0.11859398069423238
31262,8,UB,Arkansas,9.9,0.6373454292610101,0.2728311781497101,0.0009673303052166182
31265,8,BB,Auburn,9.85,0.4426478063667999,0.1989677355440378,-0.036365894959080325
31265,8,FX,Auburn,9.95,0.8320430521552135,0.35446646849043684,0.11859398069423238
31265,8,UB,Auburn,9.9,0.6373454292610101,0.2311029317813854,0.0009673303052166182
31266,8,VT,Auburn,9.875,0.5399966178139051,0.35599200734908254,0.1210316580595111
31268,8,UB,Auburn,9.85,0.4426478063667999,0.2311029317813854,0.0009673303052166182
31269,8,FX,Ball State,9.675,-0.23879387376292205,0.06818539042003735,0.11859398069423238
31269,8,VT,Ball State,9.7,-0.14144506231582385,0.06971092927868294,0.1210316580595111
31272,8,BB,Ball State,9.8,0.2479501834725966,-0.08731334252636169,-0.036365894959080325
31272,8,UB,Ball State,9.75,0.05325256057838638,-0.055178146289014074,0.0009673303052166182
31273,8,BB,Boise State,9.825,0.3452989949196948,-0.0773944553849113,-0.036365894959080325
31273,8,FX,Boise State,9.85,0.4426478063667999,0.07810427756148769,0.11859398069423238
31274,8,FX,Boise State,9.825,0.3452989949196948,0.07810427756148769,0.11859398069423238
31275,8,FX,Boise State,9.85,0.4426478063667999,0.07810427756148769,0.11859398069423238
31276,8,BB,Boise State,9.85,0.4426478063667999,-0.0773944553849113,-0.036365894959080325
31276,8,FX,Boise State,9.8,0.2479501834725966,0.07810427756148769,0.11859398069423238
31276,8,VT,Boise State,9.825,0.3452989949196948,0.07962981642013334,0.1210316580595111
31292,8,BB,California,9.85,0.4426478063667999,0.2456006845310077,-0.036365894959080325
31292,8,FX,California,9.95,0.8320430521552135,0.40109941747740674,0.11859398069423238
31292,8,UB,California,9.825,0.3452989949196948,0.2777358807683553,0.0009673303052166182
31292,8,VT,California,9.8,0.2479501834725966,0.4026249563360522,0.1210316580595111
31294,8,BB,California,9.925,0.7346942407081153,0.2456006845310077,-0.036365894959080325
31294,8,FX,California,9.95,0.8320430521552135,0.40109941747740674,0.11859398069423238
31294,8,UB,California,9.925,0.7346942407081153,0.2777358807683553,0.0009673303052166182
31294,8,VT,California,9.9,0.6373454292610101,0.4026249563360522,0.1210316580595111
31295,8,BB,California,9.8,0.2479501834725966,0.2456006845310077,-0.036365894959080325
31296,8,BB,California,9.95,0.8320430521552135,0.2456006845310077,-0.036365894959080325
31296,8,FX,California,9.925,0.7346942407081153,0.40109941747740674,0.11859398069423238
31296,8,UB,California,9.875,0.5399966178139051,0.2777358807683553,0.0009673303052166182
31296,8,VT,California,9.85,0.4426478063667999,0.4026249563360522,0.1210316580595111
31299,8,FX,Ball State,9.675,-0.23879387376292205,0.06818539042003735,0.11859398069423238
31318,8,BB,Denver,9.95,0.8320430521552135,0.0705203817310388,-0.036365894959080325
31318,8,UB,Denver,9.325,-1.6016772340223797,0.10265557796838642,0.0009673303052166182
31325,8,FX,Florida,6.35,-13.186185796227722,0.4343997187285047,0.11859398069423238
31327,8,BB,Florida,9.175,-2.1857701027049967,0.27890098578210576,-0.036365894959080325
31327,8,UB,Florida,9.85,0.4426478063667999,0.3110361820194534,0.0009673303052166182
31328,8,BB,Florida,9.875,0.5399966178139051,0.27890098578210576,-0.036365894959080325
31328,8,FX,Florida,9.925,0.7346942407081153,0.4343997187285047,0.11859398069423238
31328,8,UB,Florida,9.9,0.6373454292610101,0.3110361820194534,0.0009673303052166182
31328,8,VT,Florida,9.9,0.6373454292610101,0.4359252575871504,0.1210316580595111
31329,8,UB,George Washington,9.725,-0.04409625086871873,-0.09046031221444889,0.0009673303052166182
31329,8,VT,George Washington,9.775,0.15060137202549148,0.03442876335324807,0.1210316580595111
31333,8,VT,Auburn,9.875,0.5399966178139051,0.35599200734908254,0.1210316580595111
31343,8,UB,Illinois,9.8,0.2479501834725966,-0.2659902633148282,0.0009673303052166182
31345,8,BB,Illinois,9.875,0.5399966178139051,-0.29812545955217584,-0.036365894959080325
31349,8,FX,Illinois State,9.875,0.5399966178139051,-0.1428148267471221,0.11859398069423238
31349,8,VT,Illinois State,9.825,0.3452989949196948,-0.1412892878884764,0.1210316580595111
31350,8,BB,Illinois State,9.725,-0.04409625086871873,-0.2983135596935211,-0.036365894959080325
31350,8,FX,Illinois State,9.85,0.4426478063667999,-0.1428148267471221,0.11859398069423238
31350,8,VT,Illinois State,9.85,0.4426478063667999,-0.1412892878884764,0.1210316580595111
31351,8,BB,Illinois State,9.55,-0.7255379309984407,-0.2983135596935211,-0.036365894959080325
31351,8,FX,Illinois State,9.575,-0.6281891195513425,-0.1428148267471221,0.11859398069423238
31351,8,UB,Illinois State,9.6,-0.5308403081042373,-0.26617836345617346,0.0009673303052166182
31351,8,VT,Illinois State,9.875,0.5399966178139051,-0.1412892878884764,0.1210316580595111
31353,8,FX,Illinois State,9.875,0.5399966178139051,-0.1428148267471221,0.11859398069423238
31353,8,UB,Illinois State,9.7,-0.14144506231582385,-0.26617836345617346,0.0009673303052166182
31353,8,VT,Illinois State,9.5,-0.9202355538926509,-0.1412892878884764,0.1210316580595111
31358,8,FX,Kentucky,9.775,0.15060137202549148,0.47315251459965846,0.11859398069423238
31358,8,UB,Kentucky,9.8,0.2479501834725966,0.34978897789060703,0.0009673303052166182
31361,8,VT,Kentucky,9.9,0.6373454292610101,0.47467805345830416,0.1210316580595111
31362,8,BB,Kent State,9.8,0.2479501834725966,-0.27112958276605514,-0.036365894959080325
31362,8,FX,Kent State,9.825,0.3452989949196948,-0.11563084981965616,0.11859398069423238
31365,8,UB,Kent State,9.8,0.2479501834725966,-0.23899438652870753,0.0009673303052166182
31367,8,BB,LSU,9.9,0.6373454292610101,0.5057381393493668,-0.036365894959080325
31367,8,FX,LSU,9.775,0.15060137202549148,0.6612368722957658,0.11859398069423238
31367,8,VT,LSU,9.85,0.4426478063667999,0.6627624111544115,0.1210316580595111
31368,8,VT,LSU,9.725,-0.04409625086871873,0.6627624111544115,0.1210316580595111
31371,8,UB,Maryland,9.675,-0.23879387376292205,-0.128963759547433,0.0009673303052166182
31375,8,FX,Maryland,9.9,0.6373454292610101,-0.0056002228383816854,0.11859398069423238
31375,8,UB,Maryland,9.775,0.15060137202549148,-0.128963759547433,0.0009673303052166182
31375,8,VT,Maryland,9.85,0.4426478063667999,-0.004074683979735982,0.1210316580595111
31378,8,BB,Michigan,9.325,-1.6016772340223797,0.19460233434196733,-0.036365894959080325
31378,8,UB,Michigan,9.85,0.4426478063667999,0.226737530579315,0.0009673303052166182
31382,8,BB,Michigan State,9.925,0.7346942407081153,0.2952910094580644,-0.036365894959080325
31382,8,FX,Michigan State,9.925,0.7346942407081153,0.45078974240446334,0.11859398069423238
31383,8,BB,Michigan State,9.8,0.2479501834725966,0.2952910094580644,-0.036365894959080325
31383,8,FX,Michigan State,9.9,0.6373454292610101,0.45078974240446334,0.11859398069423238
31383,8,UB,Michigan State,9.925,0.7346942407081153,0.32742620569541203,0.0009673303052166182
31383,8,VT,Michigan State,9.875,0.5399966178139051,0.45231528126310905,0.1210316580595111
31385,8,FX,Minnesota,9.825,0.3452989949196948,0.14982759255258227,0.11859398069423238
31385,8,UB,Minnesota,9.775,0.15060137202549148,0.026464055843530954,0.0009673303052166182
31386,8,BB,Minnesota,9.8,0.2479501834725966,-0.00567114039381672,-0.036365894959080325
31386,8,FX,Minnesota,9.875,0.5399966178139051,0.14982759255258227,0.11859398069423238
31386,8,VT,Minnesota,9.75,0.05325256057838638,0.15135313141122791,0.1210316580595111
31388,8,BB,Iowa,9.55,-0.7255379309984407,-0.18369051076951526,-0.036365894959080325
31388,8,FX,Iowa,9.325,-1.6016772340223797,-0.02819177782311627,0.11859398069423238
31389,8,FX,Missouri,9.95,0.8320430521552135,0.5040276395965808,0.11859398069423238
31389,8,UB,Missouri,9.925,0.7346942407081153,0.3806641028875295,0.0009673303052166182
31389,8,VT,Missouri,9.9,0.6373454292610101,0.5055531784552265,0.1210316580595111
31393,8,VT,Missouri,9.75,0.05325256057838638,0.5055531784552265,0.1210316580595111
31396,8,BB,Nebraska,9.875,0.5399966178139051,-0.09232454317545402,-0.036365894959080325
31397,8,VT,Nebraska,9.675,-0.23879387376292205,0.06469972862959061,0.1210316580595111
31398,8,FX,Nebraska,9.85,0.4426478063667999,0.06317418977094497,0.11859398069423238
31399,8,BB,Nebraska,9.9,0.6373454292610101,-0.09232454317545402,-0.036365894959080325
31399,8,UB,Nebraska,9.775,0.15060137202549148,-0.06018934693810635,0.0009673303052166182
31400,8,BB,Nebraska,9.825,0.3452989949196948,-0.09232454317545402,-0.036365894959080325
31400,8,FX,Nebraska,9.875,0.5399966178139051,0.06317418977094497,0.11859398069423238
31400,8,UB,Nebraska,9.9,0.6373454292610101,-0.06018934693810635,0.0009673303052166182
31400,8,VT,Nebraska,9.85,0.4426478063667999,0.06469972862959061,0.1210316580595111
31406,8,UB,North Carolina,9.9375,0.7833686464316644,0.12380184713355702,0.0009673303052166182
31406,8,VT,North Carolina,9.85,0.4426478063667999,0.24869092270125415,0.1210316580595111
31407,8,BB,North Carolina,9.825,0.3452989949196948,0.0916666508962094,-0.036365894959080325
31407,8,FX,North Carolina,9.825,0.3452989949196948,0.24716538384260844,0.11859398069423238
31407,8,UB,North Carolina,9.825,0.3452989949196948,0.12380184713355702,0.0009673303052166182
31407,8,VT,North Carolina,9.787500000000001,0.1992757777490475,0.24869092270125415,0.1210316580595111
31408,8,FX,North Carolina,9.625,-0.43349149665713227,0.24716538384260844,0.11859398069423238
31409,8,UB,North Carolina,9.825,0.3452989949196948,0.12380184713355702,0.0009673303052166182
31414,8,UB,Maryland,9.8,0.2479501834725966,-0.128963759547433,0.0009673303052166182
31420,8,FX,Illinois,9.9,0.6373454292610101,-0.14262672660577685,0.11859398069423238
31420,8,UB,Illinois,8.65,-4.230095143094176,-0.2659902633148282,0.0009673303052166182
31424,8,FX,Ohio State,9.85,0.4426478063667999,0.12473702033917938,0.11859398069423238
31424,8,VT,Ohio State,9.825,0.3452989949196948,0.12626255919782503,0.1210316580595111
31427,8,BB,Ohio State,9.875,0.5399966178139051,-0.030761712607219605,-0.036365894959080325
31427,8,FX,Ohio State,9.875,0.5399966178139051,0.12473702033917938,0.11859398069423238
31427,8,UB,Ohio State,9.8,0.2479501834725966,0.0013734836301280695,0.0009673303052166182
31427,8,VT,Ohio State,9.9,0.6373454292610101,0.12626255919782503,0.1210316580595111
31428,8,BB,Oklahoma,9.875,0.5399966178139051,0.5644632272655963,-0.036365894959080325
31428,8,FX,Oklahoma,9.975,0.9293918636023185,0.7199619602119951,0.11859398069423238
31428,8,UB,Oklahoma,9.9,0.6373454292610101,0.5965984235029439,0.0009673303052166182
31428,8,VT,Oklahoma,9.9,0.6373454292610101,0.7214874990706408,0.1210316580595111
31432,8,UB,Oklahoma,9.850000000000001,0.44264780636680684,0.5965984235029439,0.0009673303052166182
31434,8,BB,Missouri,9.875,0.5399966178139051,0.3485289066501819,-0.036365894959080325
31436,8,UB,Oregon State,9.85,0.4426478063667999,0.36534198146194224,0.0009673303052166182
31436,8,VT,Oregon State,9.825,0.3452989949196948,0.4902310570296392,0.1210316580595111
31438,8,FX,Oregon State,9.8,0.2479501834725966,0.48870551817099356,0.11859398069423238
31438,8,VT,Oregon State,9.925,0.7346942407081153,0.4902310570296392,0.1210316580595111
31440,8,BB,Oregon State,9.775,0.15060137202549148,0.33320678522459457,-0.036365894959080325
31447,8,BB,Penn State,9.85,0.4426478063667999,0.03678815680991787,-0.036365894959080325
31448,8,FX,Penn State,9.475,-1.017584365339756,0.1922868897563168,0.11859398069423238
31448,8,VT,Penn State,9.85,0.4426478063667999,0.1938124286149625,0.1210316580595111
31461,8,FX,Pittsburgh,9.9,0.6373454292610101,-0.05711999466248735,0.11859398069423238
31461,8,UB,Pittsburgh,8.975,-2.9645605942818305,-0.18048353137153872,0.0009673303052166182
31466,8,FX,Ohio State,9.8,0.2479501834725966,0.12473702033917938,0.11859398069423238
31466,8,UB,Ohio State,9.675,-0.23879387376292205,0.0013734836301280695,0.0009673303052166182
31466,8,VT,Ohio State,9.775,0.15060137202549148,0.12626255919782503,0.1210316580595111
31473,8,VT,Illinois,9.525,-0.8228867424455458,-0.1411011877471312,0.1210316580595111
31489,8,UB,Stanford,9.875,0.5399966178139051,0.30242708094022563,0.0009673303052166182
31489,8,VT,Stanford,9.55,-0.7255379309984407,0.42731615650792265,0.1210316580595111
31491,8,BB,Stanford,9.725,-0.04409625086871873,0.270291884702878,-0.036365894959080325
31491,8,FX,Stanford,9.875,0.5399966178139051,0.42579061764927695,0.11859398069423238
31491,8,UB,Stanford,9.85,0.4426478063667999,0.30242708094022563,0.0009673303052166182
31491,8,VT,Stanford,9.8,0.2479501834725966,0.42731615650792265,0.1210316580595111
31508,8,BB,Towson,9.75,0.05325256057838638,-0.1823616284391606,-0.036365894959080325
31508,8,FX,Towson,9.875,0.5399966178139051,-0.026862895492761607,0.11859398069423238
31508,8,UB,Towson,9.775,0.15060137202549148,-0.15022643220181292,0.0009673303052166182
31509,8,BB,Towson,9.75,0.05325256057838638,-0.1823616284391606,-0.036365894959080325
31509,8,UB,Towson,9.75,0.05325256057838638,-0.15022643220181292,0.0009673303052166182
31512,8,FX,Missouri,9.925,0.7346942407081153,0.5040276395965808,0.11859398069423238
31515,8,BB,UCLA,9.9,0.6373454292610101,0.3475884092002095,-0.036365894959080325
31515,8,FX,UCLA,9.85,0.4426478063667999,0.5030871421466085,0.11859398069423238
31515,8,VT,UCLA,9.775,0.15060137202549148,0.504612681005254,0.1210316580595111
31516,8,BB,UCLA,9.9,0.6373454292610101,0.3475884092002095,-0.036365894959080325
31516,8,FX,UCLA,9.85,0.4426478063667999,0.5030871421466085,0.11859398069423238
31516,8,UB,UCLA,9.925,0.7346942407081153,0.3797236054375571,0.0009673303052166182
31529,8,BB,Utah,9.975,0.9293918636023185,0.4295326078656819,-0.036365894959080325
31529,8,FX,Utah,9.975,0.9293918636023185,0.5850313408120809,0.11859398069423238
31529,8,UB,Utah,9.975,0.9293918636023185,0.4616678041030296,0.0009673303052166182
31529,8,VT,Utah,9.875,0.5399966178139051,0.5865568796707266,0.1210316580595111
31530,8,BB,Utah,9.925,0.7346942407081153,0.4295326078656819,-0.036365894959080325
31530,8,UB,Utah,9.875,0.5399966178139051,0.4616678041030296,0.0009673303052166182
31531,8,FX,Oregon State,9.825,0.3452989949196948,0.48870551817099356,0.11859398069423238
31531,8,UB,Oregon State,9.875,0.5399966178139051,0.36534198146194224,0.0009673303052166182
31531,8,VT,Oregon State,9.825,0.3452989949196948,0.4902310570296392,0.1210316580595111
31536,8,UB,Utah State,9.85,0.4426478063667999,-0.04783095325045916,0.0009673303052166182
31550,8,UB,West Virginia,9.8,0.2479501834725966,-0.3061112248250881,0.0009673303052166182
31550,8,VT,West Virginia,9.8,0.2479501834725966,-0.18122214925739105,0.1210316580595111
31553,8,BB,West Virginia,9.775,0.15060137202549148,-0.33824642106243574,-0.036365894959080325
31553,8,FX,West Virginia,9.75,0.05325256057838638,-0.18274768811603676,0.11859398069423238
31553,8,UB,West Virginia,9.8,0.2479501834725966,-0.3061112248250881,0.0009673303052166182
31578,8,BB,BYU,9.7,-0.14144506231582385,-0.09843661493744205,-0.036365894959080325
31578,8,FX,BYU,9.85,0.4426478063667999,0.05706211800895694,0.11859398069423238
31578,8,VT,BYU,9.775,0.15060137202549148,0.05858765686760259,0.1210316580595111
31581,8,BB,BYU,9.7,-0.14144506231582385,-0.09843661493744205,-0.036365894959080325
31583,8,BB,BYU,9.825,0.3452989949196948,-0.09843661493744205,-0.036365894959080325
31583,8,FX,BYU,9.825,0.3452989949196948,0.05706211800895694,0.11859398069423238
31584,8,FX,BYU,9.85,0.4426478063667999,0.05706211800895694,0.11859398069423238
31586,8,BB,Iowa State,9.825,0.3452989949196948,-0.18540630885262332,-0.036365894959080325
31586,8,FX,Iowa State,9.8,0.2479501834725966,-0.029907575906224282,0.11859398069423238
31586,8,UB,Iowa State,9.75,0.05325256057838638,-0.1532711126152757,0.0009673303052166182
31586,8,VT,Iowa State,9.65,-0.33614268521002716,-0.02838203704757869,0.1210316580595111
31589,8,BB,Iowa State,9.75,0.05325256057838638,-0.18540630885262332,-0.036365894959080325
31589,8,FX,Iowa State,9.85,0.4426478063667999,-0.029907575906224282,0.11859398069423238
31589,8,UB,Iowa State,9.75,0.05325256057838638,-0.1532711126152757,0.0009673303052166182
31589,8,VT,Iowa State,9.7,-0.14144506231582385,-0.02838203704757869,0.1210316580595111
31592,8,BB,Iowa State,9.0,-2.8672117828347257,-0.18540630885262332,-0.036365894959080325
31592,8,FX,Iowa State,9.2,-2.0884212912578985,-0.029907575906224282,0.11859398069423238
31592,8,VT,Iowa State,9.75,0.05325256057838638,-0.02838203704757869,0.1210316580595111
31653,8,BB,Air Force,9.2,-2.0884212912578985,-0.27394136393807744,-0.036365894959080325
31653,8,FX,Air Force,9.7,-0.14144506231582385,-0.11844263099167845,0.11859398069423238
31653,8,UB,Air Force,9.7,-0.14144506231582385,-0.24180616770072982,0.0009673303052166182
31659,8,FX,Air Force,9.7,-0.14144506231582385,-0.11844263099167845,0.11859398069423238
31659,8,VT,Air Force,9.55,-0.7255379309984407,-0.11691709213303281,0.1210316580595111
31684,8,VT,Auburn,9.9,0.6373454292610101,0.35599200734908254,0.1210316580595111
31718,8,VT,Utah State,9.8,0.2479501834725966,0.07705812231723796,0.1210316580595111
31766,8,FX,Rutgers,9.8,0.2479501834725966,-0.3206043298178691,0.11859398069423238
31766,8,VT,Rutgers,9.8,0.2479501834725966,-0.3190787909592234,0.1210316580595111
31769,8,FX,Rutgers,9.825,0.3452989949196948,-0.3206043298178691,0.11859398069423238
31770,8,BB,Rutgers,9.725,-0.04409625086871873,-0.47610306276426806,-0.036365894959080325
31771,8,BB,Rutgers,9.75,0.05325256057838638,-0.47610306276426806,-0.036365894959080325
31771,8,VT,Rutgers,9.8,0.2479501834725966,-0.3190787909592234,0.1210316580595111
31777,8,BB,Iowa,9.8,0.2479501834725966,-0.18369051076951526,-0.036365894959080325
31777,8,UB,Iowa,9.725,-0.04409625086871873,-0.15155531453216758,0.0009673303052166182
31793,8,UB,LSU,9.825,0.3452989949196948,0.5378733355867145,0.0009673303052166182
31795,8,BB,Alabama,9.925,0.7346942407081153,0.24624766522410668,-0.036365894959080325
31795,8,FX,Alabama,9.95,0.8320430521552135,0.4017463981705056,0.11859398069423238
31795,8,UB,Alabama,9.875,0.5399966178139051,0.2783828614614543,0.0009673303052166182
31795,8,VT,Alabama,9.8,0.2479501834725966,0.4032719370291513,0.1210316580595111
31799,8,BB,Alabama,9.85,0.4426478063667999,0.24624766522410668,-0.036365894959080325
31799,8,FX,Alabama,9.9,0.6373454292610101,0.4017463981705056,0.11859398069423238
31807,8,BB,Arizona,9.725,-0.04409625086871873,0.12765702944634177,-0.036365894959080325
31810,8,FX,Arizona,9.825,0.3452989949196948,0.28315576239274076,0.11859398069423238
31810,8,VT,Arizona,9.85,0.4426478063667999,0.2846813012513864,0.1210316580595111
31812,8,BB,Arizona State,9.1,-2.477816537046312,0.015679335494037883,-0.036365894959080325
31813,8,BB,Arizona State,9.775,0.15060137202549148,0.015679335494037883,-0.036365894959080325
31813,8,FX,Arizona State,9.8,0.2479501834725966,0.17117806844043693,0.11859398069423238
31813,8,UB,Arizona State,9.8,0.2479501834725966,0.0478145317313855,0.0009673303052166182
31814,8,BB,Arizona State,9.05,-2.672514159940515,0.015679335494037883,-0.036365894959080325
31814,8,VT,Arizona State,9.75,0.05325256057838638,0.17270360729908263,0.1210316580595111
31815,8,BB,Arizona State,9.775,0.15060137202549148,0.015679335494037883,-0.036365894959080325
31815,8,FX,Arizona State,9.9,0.6373454292610101,0.17117806844043693,0.11859398069423238
31815,8,UB,Arizona State,9.875,0.5399966178139051,0.0478145317313855,0.0009673303052166182
31815,8,VT,Arizona State,9.8,0.2479501834725966,0.17270360729908263,0.1210316580595111
31816,8,BB,Auburn,9.85,0.4426478063667999,0.1989677355440378,-0.036365894959080325
31816,8,FX,Auburn,9.875,0.5399966178139051,0.35446646849043684,0.11859398069423238
31816,8,UB,Auburn,9.725,-0.04409625086871873,0.2311029317813854,0.0009673303052166182
31821,8,UB,Pittsburgh,9.8,0.2479501834725966,-0.18048353137153872,0.0009673303052166182
31821,8,VT,Pittsburgh,9.825,0.3452989949196948,-0.0555944558038417,0.1210316580595111
31822,8,UB,Arkansas,9.825,0.3452989949196948,0.2728311781497101,0.0009673303052166182
31827,8,BB,Ball State,9.675,-0.23879387376292205,-0.08731334252636169,-0.036365894959080325
31827,8,FX,Ball State,9.65,-0.33614268521002716,0.06818539042003735,0.11859398069423238
31827,8,UB,Ball State,9.725,-0.04409625086871873,-0.055178146289014074,0.0009673303052166182
31827,8,VT,Ball State,8.825,-3.548653462964454,0.06971092927868294,0.1210316580595111
31828,8,FX,Ball State,9.825,0.3452989949196948,0.06818539042003735,0.11859398069423238
31835,8,BB,Boise State,9.75,0.05325256057838638,-0.0773944553849113,-0.036365894959080325
31835,8,VT,Boise State,9.75,0.05325256057838638,0.07962981642013334,0.1210316580595111
31836,8,BB,Boise State,9.775,0.15060137202549148,-0.0773944553849113,-0.036365894959080325
31836,8,FX,Boise State,8.9,-3.2566070286231388,0.07810427756148769,0.11859398069423238
31836,8,UB,Boise State,8.45,-5.00888563467101,-0.045259259147563624,0.0009673303052166182
31845,8,UB,Kentucky,9.75,0.05325256057838638,0.34978897789060703,0.0009673303052166182
31855,8,FX,BYU,9.85,0.4426478063667999,0.05706211800895694,0.11859398069423238
31855,8,UB,BYU,9.8,0.2479501834725966,-0.06630141870009437,0.0009673303052166182
31855,8,VT,BYU,9.85,0.4426478063667999,0.05858765686760259,0.1210316580595111
31857,8,VT,BYU,9.725,-0.04409625086871873,0.05858765686760259,0.1210316580595111
31860,8,UB,California,9.775,0.15060137202549148,0.2777358807683553,0.0009673303052166182
31862,8,BB,California,9.875,0.5399966178139051,0.2456006845310077,-0.036365894959080325
31862,8,FX,California,9.0,-2.8672117828347257,0.40109941747740674,0.11859398069423238
31862,8,UB,California,9.925,0.7346942407081153,0.2777358807683553,0.0009673303052166182
31862,8,VT,California,9.9,0.6373454292610101,0.4026249563360522,0.1210316580595111
31871,8,FX,Denver,9.825,0.3452989949196948,0.22601911467743774,0.11859398069423238
31871,8,VT,Denver,9.8,0.2479501834725966,0.22754465353608344,0.1210316580595111
31872,8,BB,Denver,9.875,0.5399966178139051,0.0705203817310388,-0.036365894959080325
31872,8,FX,Denver,9.875,0.5399966178139051,0.22601911467743774,0.11859398069423238
31872,8,UB,Denver,9.925,0.7346942407081153,0.10265557796838642,0.0009673303052166182
31874,8,FX,Denver,9.825,0.3452989949196948,0.22601911467743774,0.11859398069423238
31874,8,UB,Denver,9.875,0.5399966178139051,0.10265557796838642,0.0009673303052166182
31881,8,UB,Fisk,9.275,-1.7963748569165832,-1.4469406690753983,0.0009673303052166182
31884,8,BB,Fisk,8.65,-4.230095143094176,-1.479075865312746,-0.036365894959080325
31884,8,FX,Fisk,9.65,-0.33614268521002716,-1.323577132366347,0.11859398069423238
31885,8,BB,Fisk,9.8,0.2479501834725966,-1.479075865312746,-0.036365894959080325
31885,8,FX,Fisk,9.75,0.05325256057838638,-1.323577132366347,0.11859398069423238
31886,8,BB,Fisk,9.85,0.4426478063667999,-1.479075865312746,-0.036365894959080325
31886,8,FX,Fisk,9.925,0.7346942407081153,-1.323577132366347,0.11859398069423238
31886,8,UB,Fisk,9.825,0.3452989949196948,-1.4469406690753983,0.0009673303052166182
31886,8,VT,Fisk,9.9,0.6373454292610101,-1.3220515935077013,0.1210316580595111
31887,8,BB,Fisk,9.875,0.5399966178139051,-1.479075865312746,-0.036365894959080325
31887,8,VT,Fisk,9.65,-0.33614268521002716,-1.3220515935077013,0.1210316580595111
31888,8,UB,Fisk,8.9,-3.2566070286231388,-1.4469406690753983,0.0009673303052166182
31893,8,FX,George Washington,9.675,-0.23879387376292205,0.03290322449460242,0.11859398069423238
31893,8,VT,George Washington,9.7,-0.14144506231582385,0.03442876335324807,0.1210316580595111
31895,8,FX,George Washington,9.725,-0.04409625086871873,0.03290322449460242,0.11859398069423238
31899,8,BB,George Washington,9.675,-0.23879387376292205,-0.12259550845179656,-0.036365894959080325
31899,8,UB,George Washington,9.825,0.3452989949196948,-0.09046031221444889,0.0009673303052166182
31902,8,BB,Georgia,9.9,0.6373454292610101,0.3472497899827979,-0.036365894959080325
31902,8,VT,Georgia,9.75,0.05325256057838638,0.5042740617878425,0.1210316580595111
31906,8,BB,Georgia,9.875,0.5399966178139051,0.3472497899827979,-0.036365894959080325
31906,8,UB,Georgia,9.925,0.7346942407081153,0.3793849862201455,0.0009673303052166182
31906,8,VT,Georgia,9.8,0.2479501834725966,0.5042740617878425,0.1210316580595111
31907,8,FX,Georgia,9.85,0.4426478063667999,0.5027485229291968,0.11859398069423238
31908,8,BB,Illinois State,9.625,-0.43349149665713227,-0.2983135596935211,-0.036365894959080325
31915,8,FX,Illinois,9.825,0.3452989949196948,-0.14262672660577685,0.11859398069423238
31916,8,UB,Illinois,9.8,0.2479501834725966,-0.2659902633148282,0.0009673303052166182
31916,8,VT,Illinois,9.8,0.2479501834725966,-0.1411011877471312,0.1210316580595111
31918,8,FX,Iowa,9.8,0.2479501834725966,-0.02819177782311627,0.11859398069423238
31919,8,VT,Iowa,9.725,-0.04409625086871873,-0.026666238964470623,0.1210316580595111
31920,8,FX,Iowa,9.775,0.15060137202549148,-0.02819177782311627,0.11859398069423238
31922,8,FX,Iowa,8.825,-3.548653462964454,-0.02819177782311627,0.11859398069423238
31922,8,UB,Iowa,9.7,-0.14144506231582385,-0.15155531453216758,0.0009673303052166182
31922,8,VT,Iowa,9.3,-1.6990260454694779,-0.026666238964470623,0.1210316580595111
31923,8,UB,Iowa,9.7,-0.14144506231582385,-0.15155531453216758,0.0009673303052166182
31931,8,VT,Kent State,9.45,-1.114933176786861,-0.11410531096101051,0.1210316580595111
31932,8,BB,Kent State,9.2,-2.0884212912578985,-0.27112958276605514,-0.036365894959080325
31933,8,FX,Kent State,9.775,0.15060137202549148,-0.11563084981965616,0.11859398069423238
31934,8,UB,Kent State,9.825,0.3452989949196948,-0.23899438652870753,0.0009673303052166182
31934,8,VT,Kent State,9.75,0.05325256057838638,-0.11410531096101051,0.1210316580595111
31935,8,BB,Kent State,9.825,0.3452989949196948,-0.27112958276605514,-0.036365894959080325
31935,8,UB,Kent State,8.1,-6.371768994930461,-0.23899438652870753,0.0009673303052166182
31947,8,UB,LSU,9.875,0.5399966178139051,0.5378733355867145,0.0009673303052166182
31952,8,VT,Michigan,9.675,-0.23879387376292205,0.35162660614701197,0.1210316580595111
31954,8,UB,Michigan State,9.95,0.8320430521552135,0.32742620569541203,0.0009673303052166182
31954,8,VT,Michigan State,9.775,0.15060137202549148,0.45231528126310905,0.1210316580595111
31955,8,BB,Michigan State,9.85,0.4426478063667999,0.2952910094580644,-0.036365894959080325
31955,8,FX,Michigan State,8.975,-2.9645605942818305,0.45078974240446334,0.11859398069423238
31955,8,UB,Michigan State,9.95,0.8320430521552135,0.32742620569541203,0.0009673303052166182
31955,8,VT,Michigan State,9.925,0.7346942407081153,0.45231528126310905,0.1210316580595111
31956,8,BB,Michigan State,9.3,-1.6990260454694779,0.2952910094580644,-0.036365894959080325
31956,8,UB,Michigan State,9.875,0.5399966178139051,0.32742620569541203,0.0009673303052166182
31956,8,VT,Michigan State,9.95,0.8320430521552135,0.45231528126310905,0.1210316580595111
31959,8,BB,Minnesota,9.875,0.5399966178139051,-0.00567114039381672,-0.036365894959080325
31959,8,VT,Minnesota,9.75,0.05325256057838638,0.15135313141122791,0.1210316580595111
31960,8,BB,Minnesota,9.65,-0.33614268521002716,-0.00567114039381672,-0.036365894959080325
31961,8,FX,Minnesota,9.8,0.2479501834725966,0.14982759255258227,0.11859398069423238
31961,8,VT,Minnesota,9.8,0.2479501834725966,0.15135313141122791,0.1210316580595111
31964,8,BB,Missouri,9.875,0.5399966178139051,0.3485289066501819,-0.036365894959080325
31964,8,UB,Missouri,9.9,0.6373454292610101,0.3806641028875295,0.0009673303052166182
31970,8,FX,Nebraska,9.725,-0.04409625086871873,0.06317418977094497,0.11859398069423238
31971,8,UB,Nebraska,9.575,-0.6281891195513425,-0.06018934693810635,0.0009673303052166182
31979,8,BB,North Carolina,9.475,-1.017584365339756,0.0916666508962094,-0.036365894959080325
31979,8,UB,North Carolina,9.8125,0.2966245891961457,0.12380184713355702,0.0009673303052166182
31979,8,VT,North Carolina,9.775,0.15060137202549148,0.24869092270125415,0.1210316580595111
31980,8,FX,North Carolina,9.825,0.3452989949196948,0.24716538384260844,0.11859398069423238
31980,8,VT,North Carolina,9.8875,0.5886710235374542,0.24869092270125415,0.1210316580595111
31981,8,VT,North Carolina,9.8,0.2479501834725966,0.24869092270125415,0.1210316580595111
31989,8,BB,Oklahoma,9.95,0.8320430521552135,0.5644632272655963,-0.036365894959080325
31989,8,FX,Oklahoma,9.9625,0.8807174578787694,0.7199619602119951,0.11859398069423238
31989,8,UB,Oklahoma,9.850000000000001,0.44264780636680684,0.5965984235029439,0.0009673303052166182
31989,8,VT,Oklahoma,9.8125,0.2966245891961457,0.7214874990706408,0.1210316580595111
32007,8,BB,Rutgers,9.9,0.6373454292610101,-0.47610306276426806,-0.036365894959080325
32007,8,FX,Rutgers,9.825,0.3452989949196948,-0.3206043298178691,0.11859398069423238
32007,8,VT,Rutgers,9.85,0.4426478063667999,-0.3190787909592234,0.1210316580595111
32012,8,BB,Rutgers,9.875,0.5399966178139051,-0.47610306276426806,-0.036365894959080325
32012,8,VT,Rutgers,9.825,0.3452989949196948,-0.3190787909592234,0.1210316580595111
32051,8,BB,Stanford,9.8,0.2479501834725966,0.270291884702878,-0.036365894959080325
32052,8,BB,Stanford,9.825,0.3452989949196948,0.270291884702878,-0.036365894959080325
32052,8,FX,Stanford,9.875,0.5399966178139051,0.42579061764927695,0.11859398069423238
32052,8,UB,Stanford,9.75,0.05325256057838638,0.30242708094022563,0.0009673303052166182
32053,8,FX,Stanford,8.95,-3.0619094057289358,0.42579061764927695,0.11859398069423238
32054,8,FX,Stanford,9.925,0.7346942407081153,0.42579061764927695,0.11859398069423238
32054,8,UB,Stanford,9.9,0.6373454292610101,0.30242708094022563,0.0009673303052166182
32054,8,VT,Stanford,9.925,0.7346942407081153,0.42731615650792265,0.1210316580595111
32056,8,UB,Stanford,9.775,0.15060137202549148,0.30242708094022563,0.0009673303052166182
32058,8,FX,Kent State,9.725,-0.04409625086871873,-0.11563084981965616,0.11859398069423238
32058,8,UB,Kent State,9.725,-0.04409625086871873,-0.23899438652870753,0.0009673303052166182
32058,8,VT,Kent State,9.825,0.3452989949196948,-0.11410531096101051,0.1210316580595111
32061,8,FX,Utah,9.85,0.4426478063667999,0.5850313408120809,0.11859398069423238
32061,8,UB,Utah,9.95,0.8320430521552135,0.4616678041030296,0.0009673303052166182
32061,8,VT,Utah,9.825,0.3452989949196948,0.5865568796707266,0.1210316580595111
32067,8,FX,Towson,9.875,0.5399966178139051,-0.026862895492761607,0.11859398069423238
32067,8,UB,Towson,9.725,-0.04409625086871873,-0.15022643220181292,0.0009673303052166182
32067,8,VT,Towson,9.775,0.15060137202549148,-0.02533735663411596,0.1210316580595111
32068,8,FX,Towson,9.775,0.15060137202549148,-0.026862895492761607,0.11859398069423238
32069,8,UB,Towson,9.725,-0.04409625086871873,-0.15022643220181292,0.0009673303052166182
32070,8,FX,Towson,9.9,0.6373454292610101,-0.026862895492761607,0.11859398069423238
32070,8,VT,Towson,9.775,0.15060137202549148,-0.02533735663411596,0.1210316580595111
32071,8,BB,Towson,9.775,0.15060137202549148,-0.1823616284391606,-0.036365894959080325
32071,8,FX,Towson,9.75,0.05325256057838638,-0.026862895492761607,0.11859398069423238
32071,8,UB,Towson,9.9,0.6373454292610101,-0.15022643220181292,0.0009673303052166182
32071,8,VT,Towson,9.875,0.5399966178139051,-0.02533735663411596,0.1210316580595111
32072,8,BB,Towson,9.85,0.4426478063667999,-0.1823616284391606,-0.036365894959080325
32073,8,BB,UCLA,9.9,0.6373454292610101,0.3475884092002095,-0.036365894959080325
32075,8,BB,Florida,9.8,0.2479501834725966,0.27890098578210576,-0.036365894959080325
32075,8,FX,Florida,9.9,0.6373454292610101,0.4343997187285047,0.11859398069423238
32075,8,UB,Florida,9.875,0.5399966178139051,0.3110361820194534,0.0009673303052166182
32075,8,VT,Florida,9.925,0.7346942407081153,0.4359252575871504,0.1210316580595111
32083,8,BB,Utah,9.9,0.6373454292610101,0.4295326078656819,-0.036365894959080325
32083,8,FX,Utah,9.925,0.7346942407081153,0.5850313408120809,0.11859398069423238
32083,8,UB,Utah,9.9,0.6373454292610101,0.4616678041030296,0.0009673303052166182
32083,8,VT,Utah,9.85,0.4426478063667999,0.5865568796707266,0.1210316580595111
32084,8,BB,Washington,9.7,-0.14144506231582385,-0.09184153887159863,-0.036365894959080325
32084,8,FX,Washington,9.925,0.7346942407081153,0.06365719407480036,0.11859398069423238
32084,8,VT,Washington,9.8,0.2479501834725966,0.06518273293344601,0.1210316580595111
32085,8,FX,Washington,9.825,0.3452989949196948,0.06365719407480036,0.11859398069423238
32085,8,UB,Washington,8.75,-3.840699897305763,-0.05970634263425095,0.0009673303052166182
32085,8,VT,Washington,9.75,0.05325256057838638,0.06518273293344601,0.1210316580595111
32087,8,BB,Washington,9.85,0.4426478063667999,-0.09184153887159863,-0.036365894959080325
32087,8,FX,Washington,9.125,-2.380467725599207,0.06365719407480036,0.11859398069423238
32087,8,UB,Washington,9.65,-0.33614268521002716,-0.05970634263425095,0.0009673303052166182
32092,8,VT,West Virginia,9.725,-0.04409625086871873,-0.18122214925739105,0.1210316580595111
32110,8,FX,Yale,9.7,-0.14144506231582385,-0.4368340582665016,0.11859398069423238
32110,8,VT,Yale,9.675,-0.23879387376292205,-0.435308519407856,0.1210316580595111
32112,8,UB,Yale,9.7,-0.14144506231582385,-0.560197594975553,0.0009673303052166182
32113,8,BB,Yale,9.75,0.05325256057838638,-0.5923327912129006,-0.036365894959080325
32113,8,FX,Yale,9.85,0.4426478063667999,-0.4368340582665016,0.11859398069423238
32113,8,VT,Yale,9.625,-0.43349149665713227,-0.435308519407856,0.1210316580595111
32114,8,BB,Yale,9.725,-0.04409625086871873,-0.5923327912129006,-0.036365894959080325
32114,8,FX,Yale,9.775,0.15060137202549148,-0.4368340582665016,0.11859398069423238
32114,8,VT,Yale,9.5,-0.9202355538926509,-0.435308519407856,0.1210316580595111
32124,8,BB,Illinois State,9.725,-0.04409625086871873,-0.2983135596935211,-0.036365894959080325
32124,8,FX,Illinois State,9.775,0.15060137202549148,-0.1428148267471221,0.11859398069423238
32124,8,UB,Illinois State,9.55,-0.7255379309984407,-0.26617836345617346,0.0009673303052166182
32127,8,UB,Oregon State,9.775,0.15060137202549148,0.36534198146194224,0.0009673303052166182
32128,8,BB,Oregon State,9.25,-1.8937236683636882,0.33320678522459457,-0.036365894959080325
32128,8,UB,Oregon State,9.8,0.2479501834725966,0.36534198146194224,0.0009673303052166182
32129,8,FX,Oregon State,9.575,-0.6281891195513425,0.48870551817099356,0.11859398069423238
32160,8,FX,Ohio State,9.775,0.15060137202549148,0.12473702033917938,0.11859398069423238
32162,8,BB,Maryland,9.75,0.05325256057838638,-0.16109895578478062,-0.036365894959080325
32162,8,UB,Maryland,9.65,-0.33614268521002716,-0.128963759547433,0.0009673303052166182
32163,8,BB,Maryland,9.9,0.6373454292610101,-0.16109895578478062,-0.036365894959080325
32163,8,FX,Maryland,9.875,0.5399966178139051,-0.0056002228383816854,0.11859398069423238
32165,8,FX,Maryland,9.85,0.4426478063667999,-0.0056002228383816854,0.11859398069423238
32165,8,VT,Maryland,9.85,0.4426478063667999,-0.004074683979735982,0.1210316580595111
32180,8,BB,Air Force,9.8,0.2479501834725966,-0.27394136393807744,-0.036365894959080325
32180,8,FX,Air Force,9.675,-0.23879387376292205,-0.11844263099167845,0.11859398069423238
32180,8,VT,Air Force,9.775,0.15060137202549148,-0.11691709213303281,0.1210316580595111
32181,8,UB,Air Force,9.575,-0.6281891195513425,-0.24180616770072982,0.0009673303052166182
32182,8,FX,Air Force,9.575,-0.6281891195513425,-0.11844263099167845,0.11859398069423238
32185,8,FX,Air Force,9.325,-1.6016772340223797,-0.11844263099167845,0.11859398069423238
32185,8,VT,Air Force,9.625,-0.43349149665713227,-0.11691709213303281,0.1210316580595111
32240,8,UB,Utah State,9.8,0.2479501834725966,-0.04783095325045916,0.0009673303052166182
32243,8,UB,Ball State,9.725,-0.04409625086871873,-0.055178146289014074,0.0009673303052166182
32254,8,BB,Pittsburgh,9.725,-0.04409625086871873,-0.21261872760888634,-0.036365894959080325
32254,8,UB,Pittsburgh,9.0,-2.8672117828347257,-0.18048353137153872,0.0009673303052166182
32254,8,VT,Pittsburgh,9.8,0.2479501834725966,-0.0555944558038417,0.1210316580595111
32260,8,BB,Iowa,9.875,0.5399966178139051,-0.18369051076951526,-0.036365894959080325
32260,8,FX,Iowa,9.775,0.15060137202549148,-0.02819177782311627,0.11859398069423238
32260,8,UB,Iowa,9.8,0.2479501834725966,-0.15155531453216758,0.0009673303052166182
32260,8,VT,Iowa,9.875,0.5399966178139051,-0.026666238964470623,0.1210316580595111
32263,8,VT,Kent State,9.75,0.05325256057838638,-0.11410531096101051,0.1210316580595111
32296,8,FX,North Carolina,9.725,-0.04409625086871873,0.24716538384260844,0.11859398069423238
32296,8,UB,North Carolina,9.837499999999999,0.3939734006432439,0.12380184713355702,0.0009673303052166182
32306,8,BB,Alabama,9.85,0.4426478063667999,0.24624766522410668,-0.036365894959080325
32306,8,FX,Alabama,9.9,0.6373454292610101,0.4017463981705056,0.11859398069423238
32306,8,UB,Alabama,9.7,-0.14144506231582385,0.2783828614614543,0.0009673303052166182
32308,8,VT,Alabama,9.65,-0.33614268521002716,0.4032719370291513,0.1210316580595111
32315,8,UB,Arizona,9.75,0.05325256057838638,0.15979222568368945,0.0009673303052166182
32315,8,VT,Arizona,9.775,0.15060137202549148,0.2846813012513864,0.1210316580595111
32319,8,BB,Arizona,9.825,0.3452989949196948,0.12765702944634177,-0.036365894959080325
32319,8,FX,Arizona,9.825,0.3452989949196948,0.28315576239274076,0.11859398069423238
32319,8,UB,Arizona,9.8,0.2479501834725966,0.15979222568368945,0.0009673303052166182
32319,8,VT,Arizona,9.825,0.3452989949196948,0.2846813012513864,0.1210316580595111
32320,8,BB,Arizona,9.7,-0.14144506231582385,0.12765702944634177,-0.036365894959080325
32322,8,FX,Arizona State,9.825,0.3452989949196948,0.17117806844043693,0.11859398069423238
32322,8,VT,Arizona State,9.775,0.15060137202549148,0.17270360729908263,0.1210316580595111
32327,8,FX,Arkansas,9.85,0.4426478063667999,0.3961947148587614,0.11859398069423238
32327,8,VT,Arkansas,9.25,-1.8937236683636882,0.39772025371740705,0.1210316580595111
32328,8,BB,Arkansas,9.825,0.3452989949196948,0.2406959819123624,-0.036365894959080325
32328,8,UB,Arkansas,9.875,0.5399966178139051,0.2728311781497101,0.0009673303052166182
32330,8,UB,Auburn,9.825,0.3452989949196948,0.2311029317813854,0.0009673303052166182
32333,8,VT,Auburn,9.675,-0.23879387376292205,0.35599200734908254,0.1210316580595111
32335,8,BB,Auburn,9.925,0.7346942407081153,0.1989677355440378,-0.036365894959080325
32335,8,FX,Auburn,9.875,0.5399966178139051,0.35446646849043684,0.11859398069423238
32335,8,VT,Auburn,9.9,0.6373454292610101,0.35599200734908254,0.1210316580595111
32336,8,UB,Boise State,9.725,-0.04409625086871873,-0.045259259147563624,0.0009673303052166182
32340,8,UB,Boise State,9.825,0.3452989949196948,-0.045259259147563624,0.0009673303052166182
32358,8,BB,Denver,9.85,0.4426478063667999,0.0705203817310388,-0.036365894959080325
32360,8,FX,Denver,9.775,0.15060137202549148,0.22601911467743774,0.11859398069423238
32360,8,VT,Denver,9.875,0.5399966178139051,0.22754465353608344,0.1210316580595111
32361,8,BB,Denver,9.875,0.5399966178139051,0.0705203817310388,-0.036365894959080325
32361,8,FX,Denver,9.875,0.5399966178139051,0.22601911467743774,0.11859398069423238
32361,8,UB,Denver,9.95,0.8320430521552135,0.10265557796838642,0.0009673303052166182
32361,8,VT,Denver,9.85,0.4426478063667999,0.22754465353608344,0.1210316580595111
32362,8,UB,George Washington,9.65,-0.33614268521002716,-0.09046031221444889,0.0009673303052166182
32363,8,BB,George Washington,9.6,-0.5308403081042373,-0.12259550845179656,-0.036365894959080325
32364,8,BB,George Washington,9.85,0.4426478063667999,-0.12259550845179656,-0.036365894959080325
32364,8,FX,George Washington,9.75,0.05325256057838638,0.03290322449460242,0.11859398069423238
32364,8,VT,George Washington,9.75,0.05325256057838638,0.03442876335324807,0.1210316580595111
32365,8,BB,George Washington,9.1,-2.477816537046312,-0.12259550845179656,-0.036365894959080325
32365,8,FX,George Washington,9.85,0.4426478063667999,0.03290322449460242,0.11859398069423238
32365,8,UB,George Washington,9.725,-0.04409625086871873,-0.09046031221444889,0.0009673303052166182
32365,8,VT,George Washington,9.875,0.5399966178139051,0.03442876335324807,0.1210316580595111
32370,8,BB,Georgia,9.85,0.4426478063667999,0.3472497899827979,-0.036365894959080325
32370,8,FX,Georgia,9.8,0.2479501834725966,0.5027485229291968,0.11859398069423238
32370,8,UB,Georgia,9.95,0.8320430521552135,0.3793849862201455,0.0009673303052166182
32371,8,FX,Georgia,9.9,0.6373454292610101,0.5027485229291968,0.11859398069423238
32371,8,UB,Georgia,9.875,0.5399966178139051,0.3793849862201455,0.0009673303052166182
32372,8,BB,Georgia,9.975,0.9293918636023185,0.3472497899827979,-0.036365894959080325
32373,8,FX,Georgia,9.75,0.05325256057838638,0.5027485229291968,0.11859398069423238
32373,8,UB,Georgia,9.875,0.5399966178139051,0.3793849862201455,0.0009673303052166182
32373,8,VT,Georgia,9.9,0.6373454292610101,0.5042740617878425,0.1210316580595111
32397,8,BB,BYU,9.7,-0.14144506231582385,-0.09843661493744205,-0.036365894959080325
32397,8,UB,BYU,9.75,0.05325256057838638,-0.06630141870009437,0.0009673303052166182
32398,8,UB,BYU,9.575,-0.6281891195513425,-0.06630141870009437,0.0009673303052166182
32398,8,VT,BYU,9.775,0.15060137202549148,0.05858765686760259,0.1210316580595111
32399,8,BB,BYU,9.725,-0.04409625086871873,-0.09843661493744205,-0.036365894959080325
32399,8,FX,BYU,9.85,0.4426478063667999,0.05706211800895694,0.11859398069423238
32400,8,BB,BYU,9.8,0.2479501834725966,-0.09843661493744205,-0.036365894959080325
32402,8,VT,BYU,9.675,-0.23879387376292205,0.05858765686760259,0.1210316580595111
32404,8,UB,BYU,9.75,0.05325256057838638,-0.06630141870009437,0.0009673303052166182
32414,8,VT,Florida,9.875,0.5399966178139051,0.4359252575871504,0.1210316580595111
32415,8,BB,Florida,9.825,0.3452989949196948,0.27890098578210576,-0.036365894959080325
32415,8,UB,Florida,9.75,0.05325256057838638,0.3110361820194534,0.0009673303052166182
32416,8,FX,Florida,9.875,0.5399966178139051,0.4343997187285047,0.11859398069423238
32416,8,VT,Florida,9.875,0.5399966178139051,0.4359252575871504,0.1210316580595111
32417,8,UB,Florida,8.975,-2.9645605942818305,0.3110361820194534,0.0009673303052166182
32423,8,BB,Illinois,9.85,0.4426478063667999,-0.29812545955217584,-0.036365894959080325
32423,8,VT,Illinois,9.775,0.15060137202549148,-0.1411011877471312,0.1210316580595111
32425,8,VT,Iowa,9.775,0.15060137202549148,-0.026666238964470623,0.1210316580595111
32426,8,VT,Iowa,9.725,-0.04409625086871873,-0.026666238964470623,0.1210316580595111
32428,8,BB,Iowa State,9.775,0.15060137202549148,-0.18540630885262332,-0.036365894959080325
32428,8,FX,Iowa State,9.65,-0.33614268521002716,-0.029907575906224282,0.11859398069423238
32428,8,VT,Iowa State,9.775,0.15060137202549148,-0.02838203704757869,0.1210316580595111
32433,8,FX,Iowa State,9.775,0.15060137202549148,-0.029907575906224282,0.11859398069423238
32434,8,UB,Iowa State,9.7,-0.14144506231582385,-0.1532711126152757,0.0009673303052166182
32434,8,VT,Iowa State,9.75,0.05325256057838638,-0.02838203704757869,0.1210316580595111
32435,8,BB,Kent State,9.875,0.5399966178139051,-0.27112958276605514,-0.036365894959080325
32435,8,FX,Kent State,9.875,0.5399966178139051,-0.11563084981965616,0.11859398069423238
32435,8,UB,Kent State,9.1,-2.477816537046312,-0.23899438652870753,0.0009673303052166182
32435,8,VT,Kent State,9.925,0.7346942407081153,-0.11410531096101051,0.1210316580595111
32438,8,BB,Kent State,9.8,0.2479501834725966,-0.27112958276605514,-0.036365894959080325
32440,8,BB,Kent State,9.775,0.15060137202549148,-0.27112958276605514,-0.036365894959080325
32440,8,FX,Kent State,9.775,0.15060137202549148,-0.11563084981965616,0.11859398069423238
32440,8,VT,Kent State,9.775,0.15060137202549148,-0.11410531096101051,0.1210316580595111
32441,8,BB,Kentucky,9.925,0.7346942407081153,0.3176537816532594,-0.036365894959080325
32441,8,FX,Kentucky,9.95,0.8320430521552135,0.47315251459965846,0.11859398069423238
32444,8,BB,Kentucky,9.75,0.05325256057838638,0.3176537816532594,-0.036365894959080325
32445,8,UB,Kentucky,9.775,0.15060137202549148,0.34978897789060703,0.0009673303052166182
32445,8,VT,Kentucky,9.725,-0.04409625086871873,0.47467805345830416,0.1210316580595111
32446,8,BB,Kentucky,9.8,0.2479501834725966,0.3176537816532594,-0.036365894959080325
32446,8,FX,Kentucky,9.825,0.3452989949196948,0.47315251459965846,0.11859398069423238
32446,8,UB,Kentucky,9.875,0.5399966178139051,0.34978897789060703,0.0009673303052166182
32446,8,VT,Kentucky,9.8,0.2479501834725966,0.47467805345830416,0.1210316580595111
32452,8,BB,LSU,9.775,0.15060137202549148,0.5057381393493668,-0.036365894959080325
32453,8,FX,LSU,9.875,0.5399966178139051,0.6612368722957658,0.11859398069423238
32453,8,VT,LSU,9.725,-0.04409625086871873,0.6627624111544115,0.1210316580595111
32454,8,BB,LSU,9.825,0.3452989949196948,0.5057381393493668,-0.036365894959080325
32454,8,UB,LSU,9.85,0.4426478063667999,0.5378733355867145,0.0009673303052166182
32459,8,BB,Maryland,9.725,-0.04409625086871873,-0.16109895578478062,-0.036365894959080325
32459,8,FX,Maryland,9.775,0.15060137202549148,-0.0056002228383816854,0.11859398069423238
32460,8,VT,Maryland,9.725,-0.04409625086871873,-0.004074683979735982,0.1210316580595111
32463,8,BB,Maryland,9.8,0.2479501834725966,-0.16109895578478062,-0.036365894959080325
32463,8,FX,Maryland,8.925,-3.159258217176034,-0.0056002228383816854,0.11859398069423238
32463,8,VT,Maryland,9.925,0.7346942407081153,-0.004074683979735982,0.1210316580595111
32465,8,BB,Michigan,9.425,-1.2122819882339593,0.19460233434196733,-0.036365894959080325
32465,8,FX,Michigan,9.875,0.5399966178139051,0.3501010672883663,0.11859398069423238
32466,8,UB,Michigan,9.8,0.2479501834725966,0.226737530579315,0.0009673303052166182
32466,8,VT,Michigan,9.825,0.3452989949196948,0.35162660614701197,0.1210316580595111
32469,8,FX,Michigan State,9.85,0.4426478063667999,0.45078974240446334,0.11859398069423238
32470,8,FX,Michigan State,9.575,-0.6281891195513425,0.45078974240446334,0.11859398069423238
32472,8,VT,Michigan State,9.85,0.4426478063667999,0.45231528126310905,0.1210316580595111
32475,8,FX,Minnesota,9.8,0.2479501834725966,0.14982759255258227,0.11859398069423238
32477,8,BB,Minnesota,9.9,0.6373454292610101,-0.00567114039381672,-0.036365894959080325
32477,8,UB,Minnesota,9.875,0.5399966178139051,0.026464055843530954,0.0009673303052166182
32482,8,FX,Missouri,9.925,0.7346942407081153,0.5040276395965808,0.11859398069423238
32482,8,VT,Missouri,9.85,0.4426478063667999,0.5055531784552265,0.1210316580595111
32483,8,FX,Missouri,9.85,0.4426478063667999,0.5040276395965808,0.11859398069423238
32483,8,UB,Missouri,9.85,0.4426478063667999,0.3806641028875295,0.0009673303052166182
32483,8,VT,Missouri,9.925,0.7346942407081153,0.5055531784552265,0.1210316580595111
32487,8,BB,North Carolina,9.5125,-0.8715611481691018,0.0916666508962094,-0.036365894959080325
32487,8,UB,North Carolina,9.7625,0.10192696630193548,0.12380184713355702,0.0009673303052166182
32487,8,VT,North Carolina,9.7625,0.10192696630193548,0.24869092270125415,0.1210316580595111
32488,8,BB,North Carolina,9.75,0.05325256057838638,0.0916666508962094,-0.036365894959080325
32488,8,FX,North Carolina,9.7875,0.1992757777490406,0.24716538384260844,0.11859398069423238
32500,8,BB,Oregon State,9.775,0.15060137202549148,0.33320678522459457,-0.036365894959080325
32500,8,FX,Oregon State,9.8,0.2479501834725966,0.48870551817099356,0.11859398069423238
32500,8,VT,Oregon State,9.675,-0.23879387376292205,0.4902310570296392,0.1210316580595111
32501,8,FX,Oregon State,9.675,-0.23879387376292205,0.48870551817099356,0.11859398069423238
32501,8,UB,Oregon State,9.725,-0.04409625086871873,0.36534198146194224,0.0009673303052166182
32502,8,BB,Oregon State,9.8,0.2479501834725966,0.33320678522459457,-0.036365894959080325
32502,8,VT,Oregon State,9.775,0.15060137202549148,0.4902310570296392,0.1210316580595111
32503,8,FX,Penn State,9.875,0.5399966178139051,0.1922868897563168,0.11859398069423238
32504,8,BB,Penn State,9.8,0.2479501834725966,0.03678815680991787,-0.036365894959080325
32504,8,FX,Penn State,9.725,-0.04409625086871873,0.1922868897563168,0.11859398069423238
32505,8,BB,Penn State,9.8,0.2479501834725966,0.03678815680991787,-0.036365894959080325
32505,8,FX,Penn State,9.825,0.3452989949196948,0.1922868897563168,0.11859398069423238
32505,8,UB,Penn State,9.225,-1.9910724798107933,0.06892335304726549,0.0009673303052166182
32505,8,VT,Penn State,9.75,0.05325256057838638,0.1938124286149625,0.1210316580595111
32512,8,FX,Pittsburgh,9.675,-0.23879387376292205,-0.05711999466248735,0.11859398069423238
32513,8,BB,Pittsburgh,9.7,-0.14144506231582385,-0.21261872760888634,-0.036365894959080325
32513,8,UB,Pittsburgh,9.675,-0.23879387376292205,-0.18048353137153872,0.0009673303052166182
32514,8,BB,Pittsburgh,9.8,0.2479501834725966,-0.21261872760888634,-0.036365894959080325
32514,8,FX,Pittsburgh,9.875,0.5399966178139051,-0.05711999466248735,0.11859398069423238
32514,8,UB,Pittsburgh,9.8,0.2479501834725966,-0.18048353137153872,0.0009673303052166182
32552,8,BB,Stanford,9.875,0.5399966178139051,0.270291884702878,-0.036365894959080325
32554,8,BB,Stanford,9.925,0.7346942407081153,0.270291884702878,-0.036365894959080325
32554,8,FX,Stanford,9.875,0.5399966178139051,0.42579061764927695,0.11859398069423238
32569,8,BB,Towson,9.125,-2.380467725599207,-0.1823616284391606,-0.036365894959080325
32569,8,UB,Towson,9.825,0.3452989949196948,-0.15022643220181292,0.0009673303052166182
32576,8,UB,Auburn,9.925,0.7346942407081153,0.2311029317813854,0.0009673303052166182
32579,8,BB,Utah,9.875,0.5399966178139051,0.4295326078656819,-0.036365894959080325
32581,8,BB,Utah,9.675,-0.23879387376292205,0.4295326078656819,-0.036365894959080325
32581,8,VT,Utah,9.875,0.5399966178139051,0.5865568796707266,0.1210316580595111
32582,8,FX,Utah,9.9,0.6373454292610101,0.5850313408120809,0.11859398069423238
32582,8,UB,Utah,9.775,0.15060137202549148,0.4616678041030296,0.0009673303052166182
32582,8,VT,Utah,9.925,0.7346942407081153,0.5865568796707266,0.1210316580595111
32584,8,BB,Utah State,9.05,-2.672514159940515,-0.07996614948780678,-0.036365894959080325
32584,8,UB,Utah State,9.775,0.15060137202549148,-0.04783095325045916,0.0009673303052166182
32585,8,FX,Utah State,9.75,0.05325256057838638,0.07553258345859226,0.11859398069423238
32585,8,VT,Utah State,9.8,0.2479501834725966,0.07705812231723796,0.1210316580595111
32587,8,FX,Utah State,9.875,0.5399966178139051,0.07553258345859226,0.11859398069423238
32588,8,BB,Utah State,9.825,0.3452989949196948,-0.07996614948780678,-0.036365894959080325
32588,8,VT,Utah State,9.7,-0.14144506231582385,0.07705812231723796,0.1210316580595111
32595,8,FX,Washington,9.75,0.05325256057838638,0.06365719407480036,0.11859398069423238
32595,8,UB,Washington,9.45,-1.114933176786861,-0.05970634263425095,0.0009673303052166182
32595,8,VT,Washington,9.475,-1.017584365339756,0.06518273293344601,0.1210316580595111
32597,8,BB,Washington,9.225,-1.9910724798107933,-0.09184153887159863,-0.036365894959080325
32598,8,BB,Washington,9.75,0.05325256057838638,-0.09184153887159863,-0.036365894959080325
32598,8,UB,Washington,9.675,-0.23879387376292205,-0.05970634263425095,0.0009673303052166182
32598,8,VT,Washington,9.65,-0.33614268521002716,0.06518273293344601,0.1210316580595111
32599,8,BB,Washington,9.6,-0.5308403081042373,-0.09184153887159863,-0.036365894959080325
32599,8,FX,Washington,9.925,0.7346942407081153,0.06365719407480036,0.11859398069423238
32599,8,UB,Washington,9.85,0.4426478063667999,-0.05970634263425095,0.0009673303052166182
32599,8,VT,Washington,9.8,0.2479501834725966,0.06518273293344601,0.1210316580595111
32600,8,BB,West Virginia,9.775,0.15060137202549148,-0.33824642106243574,-0.036365894959080325
32601,8,BB,West Virginia,9.775,0.15060137202549148,-0.33824642106243574,-0.036365894959080325
32601,8,UB,West Virginia,9.7,-0.14144506231582385,-0.3061112248250881,0.0009673303052166182
32603,8,BB,West Virginia,9.85,0.4426478063667999,-0.33824642106243574,-0.036365894959080325
32603,8,FX,West Virginia,9.8,0.2479501834725966,-0.18274768811603676,0.11859398069423238
32603,8,UB,West Virginia,9.85,0.4426478063667999,-0.3061112248250881,0.0009673303052166182
32604,8,UB,West Virginia,9.775,0.15060137202549148,-0.3061112248250881,0.0009673303052166182
32623,8,BB,Nebraska,9.775,0.15060137202549148,-0.09232454317545402,-0.036365894959080325
32623,8,FX,Nebraska,9.775,0.15060137202549148,0.06317418977094497,0.11859398069423238
32623,8,UB,Nebraska,9.875,0.5399966178139051,-0.06018934693810635,0.0009673303052166182
32623,8,VT,Nebraska,9.8,0.2479501834725966,0.06469972862959061,0.1210316580595111
32624,8,VT,Nebraska,9.675,-0.23879387376292205,0.06469972862959061,0.1210316580595111
32625,8,BB,Nebraska,9.775,0.15060137202549148,-0.09232454317545402,-0.036365894959080325
32625,8,UB,Nebraska,9.8,0.2479501834725966,-0.06018934693810635,0.0009673303052166182
32625,8,VT,Nebraska,9.875,0.5399966178139051,0.06469972862959061,0.1210316580595111
32645,8,BB,Air Force,9.85,0.4426478063667999,-0.27394136393807744,-0.036365894959080325
32645,8,FX,Air Force,9.875,0.5399966178139051,-0.11844263099167845,0.11859398069423238
32645,8,UB,Air Force,9.85,0.4426478063667999,-0.24180616770072982,0.0009673303052166182
32645,8,VT,Air Force,9.75,0.05325256057838638,-0.11691709213303281,0.1210316580595111
32646,8,VT,Air Force,9.725,-0.04409625086871873,-0.11691709213303281,0.1210316580595111
32650,8,UB,Air Force,9.725,-0.04409625086871873,-0.24180616770072982,0.0009673303052166182
32651,8,FX,California,9.9,0.6373454292610101,0.40109941747740674,0.11859398069423238
32651,8,VT,California,9.925,0.7346942407081153,0.4026249563360522,0.1210316580595111
32652,8,UB,California,9.85,0.4426478063667999,0.2777358807683553,0.0009673303052166182
32662,8,BB,Ball State,9.7,-0.14144506231582385,-0.08731334252636169,-0.036365894959080325
32663,8,FX,Ball State,9.775,0.15060137202549148,0.06818539042003735,0.11859398069423238
32663,8,VT,Ball State,9.725,-0.04409625086871873,0.06971092927868294,0.1210316580595111
32665,8,BB,Ball State,9.7,-0.14144506231582385,-0.08731334252636169,-0.036365894959080325
32665,8,FX,Ball State,9.725,-0.04409625086871873,0.06818539042003735,0.11859398069423238
32665,8,UB,Ball State,9.525,-0.8228867424455458,-0.055178146289014074,0.0009673303052166182
32666,8,BB,Ball State,9.75,0.05325256057838638,-0.08731334252636169,-0.036365894959080325
32666,8,UB,Ball State,9.475,-1.017584365339756,-0.055178146289014074,0.0009673303052166182
32670,8,FX,Rutgers,9.875,0.5399966178139051,-0.3206043298178691,0.11859398069423238
32670,8,UB,Rutgers,9.775,0.15060137202549148,-0.44396786652692044,0.0009673303052166182
32672,8,BB,Rutgers,9.85,0.4426478063667999,-0.47610306276426806,-0.036365894959080325
32673,8,UB,Rutgers,9.7,-0.14144506231582385,-0.44396786652692044,0.0009673303052166182
32675,8,BB,Ohio State,9.625,-0.43349149665713227,-0.030761712607219605,-0.036365894959080325
32675,8,UB,Ohio State,9.675,-0.23879387376292205,0.0013734836301280695,0.0009673303052166182
32676,8,UB,Ohio State,9.6,-0.5308403081042373,0.0013734836301280695,0.0009673303052166182
32682,8,UB,Illinois State,8.8,-3.6460022744115523,-0.26617836345617346,0.0009673303052166182
32683,8,BB,Illinois State,9.725,-0.04409625086871873,-0.2983135596935211,-0.036365894959080325
32683,8,UB,Illinois State,9.8,0.2479501834725966,-0.26617836345617346,0.0009673303052166182
32685,8,BB,Illinois State,8.95,-3.0619094057289358,-0.2983135596935211,-0.036365894959080325
32704,8,FX,Fisk,8.9,-3.2566070286231388,-1.323577132366347,0.11859398069423238
32704,8,VT,Fisk,9.475,-1.017584365339756,-1.3220515935077013,0.1210316580595111
32705,8,BB,Fisk,9.75,0.05325256057838638,-1.479075865312746,-0.036365894959080325
32705,8,FX,Fisk,9.6,-0.5308403081042373,-1.323577132366347,0.11859398069423238
32705,8,UB,Fisk,9.575,-0.6281891195513425,-1.4469406690753983,0.0009673303052166182
32705,8,VT,Fisk,9.55,-0.7255379309984407,-1.3220515935077013,0.1210316580595111
32706,8,UB,Fisk,9.525,-0.8228867424455458,-1.4469406690753983,0.0009673303052166182
32715,8,BB,Oklahoma,9.8875,0.5886710235374542,0.5644632272655963,-0.036365894959080325
32715,8,VT,Oklahoma,9.925,0.7346942407081153,0.7214874990706408,0.1210316580595111
32722,8,UB,Yale,9.775,0.15060137202549148,-0.560197594975553,0.0009673303052166182
32722,8,VT,Yale,9.325,-1.6016772340223797,-0.435308519407856,0.1210316580595111
32723,8,BB,Yale,9.725,-0.04409625086871873,-0.5923327912129006,-0.036365894959080325
32724,8,FX,Yale,9.85,0.4426478063667999,-0.4368340582665016,0.11859398069423238
32724,8,UB,Yale,9.75,0.05325256057838638,-0.560197594975553,0.0009673303052166182
32725,8,UB,Yale,9.8,0.2479501834725966,-0.560197594975553,0.0009673303052166182
32726,8,BB,Yale,9.85,0.4426478063667999,-0.5923327912129006,-0.036365894959080325
32726,8,FX,Yale,9.775,0.15060137202549148,-0.4368340582665016,0.11859398069423238
32726,8,VT,Yale,9.6,-0.5308403081042373,-0.435308519407856,0.1210316580595111
32727,8,BB,Clemson,9.825,0.3452989949196948,0.038938984075948146,-0.036365894959080325
32727,8,FX,Clemson,9.925,0.7346942407081153,0.19443771702234713,0.11859398069423238
32728,8,FX,Clemson,9.95,0.8320430521552135,0.19443771702234713,0.11859398069423238
32728,8,UB,Clemson,9.775,0.15060137202549148,0.07107418031329582,0.0009673303052166182
32728,8,VT,Clemson,9.8,0.2479501834725966,0.19596325588099278,0.1210316580595111
32731,8,VT,Clemson,9.7,-0.14144506231582385,0.19596325588099278,0.1210316580595111
32733,8,UB,Clemson,9.825,0.3452989949196948,0.07107418031329582,0.0009673303052166182
32734,8,BB,Clemson,9.8,0.2479501834725966,0.038938984075948146,-0.036365894959080325
32734,8,FX,Clemson,9.675,-0.23879387376292205,0.19443771702234713,0.11859398069423238
32734,8,UB,Clemson,9.8,0.2479501834725966,0.07107418031329582,0.0009673303052166182
32736,8,FX,Clemson,9.85,0.4426478063667999,0.19443771702234713,0.11859398069423238
32736,8,VT,Clemson,9.825,0.3452989949196948,0.19596325588099278,0.1210316580595111
32737,8,FX,Clemson,9.625,-0.43349149665713227,0.19443771702234713,0.11859398069423238
32737,8,VT,Clemson,9.85,0.4426478063667999,0.19596325588099278,0.1210316580595111
32738,8,FX,Clemson,9.9,0.6373454292610101,0.19443771702234713,0.11859398069423238
32739,8,BB,Clemson,9.875,0.5399966178139051,0.038938984075948146,-0.036365894959080325
32739,8,VT,Clemson,9.725,-0.04409625086871873,0.19596325588099278,0.1210316580595111
32740,8,UB,Clemson,9.875,0.5399966178139051,0.07107418031329582,0.0009673303052166182
32741,8,BB,Clemson,9.725,-0.04409625086871873,0.038938984075948146,-0.036365894959080325
32742,8,UB,Clemson,9.875,0.5399966178139051,0.07107418031329582,0.0009673303052166182
32752,8,FX,Nebraska,9.75,0.05325256057838638,0.06317418977094497,0.11859398069423238
32897,8,BB,Fisk,9.65,-0.33614268521002716,-1.479075865312746,-0.036365894959080325
32897,8,FX,Fisk,9.575,-0.6281891195513425,-1.323577132366347,0.11859398069423238
32897,8,VT,Fisk,9.825,0.3452989949196948,-1.3220515935077013,0.1210316580595111
32899,8,VT,Fisk,9.4,-1.3096307996810643,-1.3220515935077013,0.1210316580595111
32901,8,UB,Fisk,8.05,-6.5664666178246645,-1.4469406690753983,0.0009673303052166182
32923,8,BB,Alabama,9.825,0.3452989949196948,0.24624766522410668,-0.036365894959080325
32923,8,UB,Alabama,9.9,0.6373454292610101,0.2783828614614543,0.0009673303052166182
32924,8,VT,Alabama,9.775,0.15060137202549148,0.4032719370291513,0.1210316580595111
32926,8,FX,Alabama,9.85,0.4426478063667999,0.4017463981705056,0.11859398069423238
32926,8,UB,Alabama,9.875,0.5399966178139051,0.2783828614614543,0.0009673303052166182
32936,8,FX,Arizona,9.675,-0.23879387376292205,0.28315576239274076,0.11859398069423238
32936,8,UB,Arizona,9.775,0.15060137202549148,0.15979222568368945,0.0009673303052166182
32940,8,FX,Arizona State,9.8,0.2479501834725966,0.17117806844043693,0.11859398069423238
32940,8,VT,Arizona State,9.8,0.2479501834725966,0.17270360729908263,0.1210316580595111
32942,8,UB,Arizona State,9.8,0.2479501834725966,0.0478145317313855,0.0009673303052166182
32944,8,VT,Arkansas,9.875,0.5399966178139051,0.39772025371740705,0.1210316580595111
32945,8,BB,Arkansas,9.875,0.5399966178139051,0.2406959819123624,-0.036365894959080325
32945,8,FX,Arkansas,9.9,0.6373454292610101,0.3961947148587614,0.11859398069423238
32945,8,UB,Arkansas,9.725,-0.04409625086871873,0.2728311781497101,0.0009673303052166182
32945,8,VT,Arkansas,9.8,0.2479501834725966,0.39772025371740705,0.1210316580595111
32947,8,VT,Arkansas,9.825,0.3452989949196948,0.39772025371740705,0.1210316580595111
32949,8,BB,Auburn,9.9,0.6373454292610101,0.1989677355440378,-0.036365894959080325
32950,8,FX,Auburn,9.875,0.5399966178139051,0.35446646849043684,0.11859398069423238
32951,8,BB,Auburn,9.625,-0.43349149665713227,0.1989677355440378,-0.036365894959080325
32951,8,FX,Auburn,9.75,0.05325256057838638,0.35446646849043684,0.11859398069423238
32951,8,UB,Auburn,9.925,0.7346942407081153,0.2311029317813854,0.0009673303052166182
32951,8,VT,Auburn,9.95,0.8320430521552135,0.35599200734908254,0.1210316580595111
32956,8,BB,Ball State,9.725,-0.04409625086871873,-0.08731334252636169,-0.036365894959080325
32956,8,VT,Ball State,9.7,-0.14144506231582385,0.06971092927868294,0.1210316580595111
32957,8,UB,Ball State,9.7,-0.14144506231582385,-0.055178146289014074,0.0009673303052166182
32960,8,UB,Boise State,9.75,0.05325256057838638,-0.045259259147563624,0.0009673303052166182
32960,8,VT,Boise State,9.725,-0.04409625086871873,0.07962981642013334,0.1210316580595111
32961,8,FX,Boise State,9.825,0.3452989949196948,0.07810427756148769,0.11859398069423238
32961,8,VT,Boise State,9.75,0.05325256057838638,0.07962981642013334,0.1210316580595111
32963,8,BB,Boise State,9.775,0.15060137202549148,-0.0773944553849113,-0.036365894959080325
32963,8,UB,Boise State,9.8,0.2479501834725966,-0.045259259147563624,0.0009673303052166182
32978,8,UB,BYU,9.875,0.5399966178139051,-0.06630141870009437,0.0009673303052166182
32981,8,FX,BYU,9.8,0.2479501834725966,0.05706211800895694,0.11859398069423238
32981,8,VT,BYU,9.8,0.2479501834725966,0.05858765686760259,0.1210316580595111
32984,8,UB,Clemson,9.875,0.5399966178139051,0.07107418031329582,0.0009673303052166182
32985,8,BB,Clemson,8.925,-3.159258217176034,0.038938984075948146,-0.036365894959080325
32986,8,BB,Clemson,9.75,0.05325256057838638,0.038938984075948146,-0.036365894959080325
32986,8,VT,Clemson,9.85,0.4426478063667999,0.19596325588099278,0.1210316580595111
32994,8,UB,Florida,9.9,0.6373454292610101,0.3110361820194534,0.0009673303052166182
32996,8,FX,Florida,9.775,0.15060137202549148,0.4343997187285047,0.11859398069423238
32998,8,BB,George Washington,9.85,0.4426478063667999,-0.12259550845179656,-0.036365894959080325
32998,8,FX,George Washington,9.45,-1.114933176786861,0.03290322449460242,0.11859398069423238
32998,8,UB,George Washington,9.825,0.3452989949196948,-0.09046031221444889,0.0009673303052166182
32999,8,UB,George Washington,9.075,-2.575165348493417,-0.09046031221444889,0.0009673303052166182
32999,8,VT,George Washington,9.575,-0.6281891195513425,0.03442876335324807,0.1210316580595111
33002,8,FX,Georgia,9.925,0.7346942407081153,0.5027485229291968,0.11859398069423238
33002,8,VT,Georgia,9.8,0.2479501834725966,0.5042740617878425,0.1210316580595111
33003,8,UB,Georgia,9.85,0.4426478063667999,0.3793849862201455,0.0009673303052166182
33004,8,FX,Georgia,9.075,-2.575165348493417,0.5027485229291968,0.11859398069423238
33004,8,UB,Georgia,9.85,0.4426478063667999,0.3793849862201455,0.0009673303052166182
33004,8,VT,Georgia,9.85,0.4426478063667999,0.5042740617878425,0.1210316580595111
33006,8,BB,Georgia,9.875,0.5399966178139051,0.3472497899827979,-0.036365894959080325
33010,8,FX,Illinois,9.775,0.15060137202549148,-0.14262672660577685,0.11859398069423238
33010,8,UB,Illinois,9.7,-0.14144506231582385,-0.2659902633148282,0.0009673303052166182
33011,8,BB,Illinois,9.7,-0.14144506231582385,-0.29812545955217584,-0.036365894959080325
33011,8,FX,Illinois,9.875,0.5399966178139051,-0.14262672660577685,0.11859398069423238
33011,8,UB,Illinois,9.85,0.4426478063667999,-0.2659902633148282,0.0009673303052166182
33011,8,VT,Illinois,9.775,0.15060137202549148,-0.1411011877471312,0.1210316580595111
33013,8,FX,Illinois,9.3,-1.6990260454694779,-0.14262672660577685,0.11859398069423238
33014,8,VT,Illinois,9.65,-0.33614268521002716,-0.1411011877471312,0.1210316580595111
33015,8,BB,Illinois,9.725,-0.04409625086871873,-0.29812545955217584,-0.036365894959080325
33015,8,FX,Illinois,9.825,0.3452989949196948,-0.14262672660577685,0.11859398069423238
33015,8,VT,Illinois,9.65,-0.33614268521002716,-0.1411011877471312,0.1210316580595111
33020,8,UB,Illinois State,9.675,-0.23879387376292205,-0.26617836345617346,0.0009673303052166182
33021,8,VT,Illinois State,9.8,0.2479501834725966,-0.1412892878884764,0.1210316580595111
33022,8,BB,Iowa,9.5,-0.9202355538926509,-0.18369051076951526,-0.036365894959080325
33023,8,BB,Iowa,8.675,-4.132746331647071,-0.18369051076951526,-0.036365894959080325
33023,8,FX,Iowa,9.775,0.15060137202549148,-0.02819177782311627,0.11859398069423238
33023,8,UB,Iowa,9.85,0.4426478063667999,-0.15155531453216758,0.0009673303052166182
33023,8,VT,Iowa,9.8,0.2479501834725966,-0.026666238964470623,0.1210316580595111
33029,8,FX,Iowa State,9.875,0.5399966178139051,-0.029907575906224282,0.11859398069423238
33029,8,VT,Iowa State,9.775,0.15060137202549148,-0.02838203704757869,0.1210316580595111
33036,8,FX,Kent State,9.825,0.3452989949196948,-0.11563084981965616,0.11859398069423238
33039,8,UB,Kent State,9.725,-0.04409625086871873,-0.23899438652870753,0.0009673303052166182
33042,8,BB,Kentucky,9.75,0.05325256057838638,0.3176537816532594,-0.036365894959080325
33045,8,VT,Kentucky,9.725,-0.04409625086871873,0.47467805345830416,0.1210316580595111
33047,8,BB,LSU,9.925,0.7346942407081153,0.5057381393493668,-0.036365894959080325
33047,8,FX,LSU,9.85,0.4426478063667999,0.6612368722957658,0.11859398069423238
33047,8,UB,LSU,9.875,0.5399966178139051,0.5378733355867145,0.0009673303052166182
33047,8,VT,LSU,9.925,0.7346942407081153,0.6627624111544115,0.1210316580595111
33048,8,FX,LSU,9.875,0.5399966178139051,0.6612368722957658,0.11859398069423238
33048,8,VT,LSU,9.8,0.2479501834725966,0.6627624111544115,0.1210316580595111
33051,8,UB,LSU,9.875,0.5399966178139051,0.5378733355867145,0.0009673303052166182
33053,8,BB,Maryland,9.45,-1.114933176786861,-0.16109895578478062,-0.036365894959080325
33053,8,VT,Maryland,9.725,-0.04409625086871873,-0.004074683979735982,0.1210316580595111
33056,8,UB,Maryland,9.775,0.15060137202549148,-0.128963759547433,0.0009673303052166182
33057,8,FX,Michigan,9.85,0.4426478063667999,0.3501010672883663,0.11859398069423238
33057,8,VT,Michigan,9.825,0.3452989949196948,0.35162660614701197,0.1210316580595111
33058,8,FX,Michigan,9.8,0.2479501834725966,0.3501010672883663,0.11859398069423238
33058,8,UB,Michigan,9.9,0.6373454292610101,0.226737530579315,0.0009673303052166182
33058,8,VT,Michigan,9.85,0.4426478063667999,0.35162660614701197,0.1210316580595111
33061,8,BB,Michigan,9.825,0.3452989949196948,0.19460233434196733,-0.036365894959080325
33061,8,FX,Michigan,9.85,0.4426478063667999,0.3501010672883663,0.11859398069423238
33061,8,UB,Michigan,9.825,0.3452989949196948,0.226737530579315,0.0009673303052166182
33062,8,BB,Michigan,9.875,0.5399966178139051,0.19460233434196733,-0.036365894959080325
33062,8,FX,Michigan,9.9,0.6373454292610101,0.3501010672883663,0.11859398069423238
33062,8,VT,Michigan,9.85,0.4426478063667999,0.35162660614701197,0.1210316580595111
33063,8,UB,Michigan,8.9,-3.2566070286231388,0.226737530579315,0.0009673303052166182
33064,8,BB,Michigan State,9.775,0.15060137202549148,0.2952910094580644,-0.036365894959080325
33064,8,UB,Michigan State,9.875,0.5399966178139051,0.32742620569541203,0.0009673303052166182
33064,8,VT,Michigan State,9.85,0.4426478063667999,0.45231528126310905,0.1210316580595111
33066,8,UB,Minnesota,9.85,0.4426478063667999,0.026464055843530954,0.0009673303052166182
33066,8,VT,Minnesota,9.85,0.4426478063667999,0.15135313141122791,0.1210316580595111
33067,8,UB,Minnesota,9.825,0.3452989949196948,0.026464055843530954,0.0009673303052166182
33070,8,BB,Minnesota,9.9,0.6373454292610101,-0.00567114039381672,-0.036365894959080325
33070,8,UB,Minnesota,9.925,0.7346942407081153,0.026464055843530954,0.0009673303052166182
33070,8,VT,Minnesota,9.675,-0.23879387376292205,0.15135313141122791,0.1210316580595111
33074,8,BB,Missouri,9.75,0.05325256057838638,0.3485289066501819,-0.036365894959080325
33074,8,FX,Missouri,9.85,0.4426478063667999,0.5040276395965808,0.11859398069423238
33074,8,VT,Missouri,9.65,-0.33614268521002716,0.5055531784552265,0.1210316580595111
33075,8,BB,Missouri,9.7,-0.14144506231582385,0.3485289066501819,-0.036365894959080325
33075,8,UB,Missouri,9.85,0.4426478063667999,0.3806641028875295,0.0009673303052166182
33075,8,VT,Missouri,9.7,-0.14144506231582385,0.5055531784552265,0.1210316580595111
33077,8,FX,Missouri,9.9,0.6373454292610101,0.5040276395965808,0.11859398069423238
33089,8,BB,North Carolina,9.425,-1.2122819882339593,0.0916666508962094,-0.036365894959080325
33090,8,BB,North Carolina,9.8,0.2479501834725966,0.0916666508962094,-0.036365894959080325
33090,8,FX,North Carolina,9.85,0.4426478063667999,0.24716538384260844,0.11859398069423238
33090,8,VT,North Carolina,9.85,0.4426478063667999,0.24869092270125415,0.1210316580595111
33103,8,BB,Ohio State,9.85,0.4426478063667999,-0.030761712607219605,-0.036365894959080325
33103,8,FX,Ohio State,9.925,0.7346942407081153,0.12473702033917938,0.11859398069423238
33103,8,UB,Ohio State,9.275,-1.7963748569165832,0.0013734836301280695,0.0009673303052166182
33103,8,VT,Ohio State,9.875,0.5399966178139051,0.12626255919782503,0.1210316580595111
33105,8,BB,Ohio State,9.825,0.3452989949196948,-0.030761712607219605,-0.036365894959080325
33105,8,FX,Ohio State,9.875,0.5399966178139051,0.12473702033917938,0.11859398069423238
33107,8,UB,Ohio State,9.825,0.3452989949196948,0.0013734836301280695,0.0009673303052166182
33107,8,VT,Ohio State,9.85,0.4426478063667999,0.12626255919782503,0.1210316580595111
33109,8,BB,Ohio State,9.825,0.3452989949196948,-0.030761712607219605,-0.036365894959080325
33109,8,VT,Ohio State,9.85,0.4426478063667999,0.12626255919782503,0.1210316580595111
33111,8,BB,Oklahoma,9.8625,0.4913222120903559,0.5644632272655963,-0.036365894959080325
33111,8,FX,Oklahoma,9.912500000000001,0.6860198349845662,0.7199619602119951,0.11859398069423238
33111,8,UB,Oklahoma,9.9,0.6373454292610101,0.5965984235029439,0.0009673303052166182
33112,8,FX,Oklahoma,9.8875,0.5886710235374542,0.7199619602119951,0.11859398069423238
33112,8,VT,Oklahoma,9.85,0.4426478063667999,0.7214874990706408,0.1210316580595111
33113,8,BB,Oklahoma,9.9125,0.6860198349845592,0.5644632272655963,-0.036365894959080325
33113,8,FX,Oklahoma,9.912500000000001,0.6860198349845662,0.7199619602119951,0.11859398069423238
33113,8,UB,Oklahoma,9.825,0.3452989949196948,0.5965984235029439,0.0009673303052166182
33113,8,VT,Oklahoma,9.85,0.4426478063667999,0.7214874990706408,0.1210316580595111
33120,8,VT,Penn State,9.825,0.3452989949196948,0.1938124286149625,0.1210316580595111
33121,8,BB,Penn State,9.85,0.4426478063667999,0.03678815680991787,-0.036365894959080325
33121,8,UB,Penn State,9.9,0.6373454292610101,0.06892335304726549,0.0009673303052166182
33122,8,BB,Penn State,9.7,-0.14144506231582385,0.03678815680991787,-0.036365894959080325
33122,8,FX,Penn State,9.775,0.15060137202549148,0.1922868897563168,0.11859398069423238
33122,8,UB,Penn State,9.775,0.15060137202549148,0.06892335304726549,0.0009673303052166182
33122,8,VT,Penn State,9.85,0.4426478063667999,0.1938124286149625,0.1210316580595111
33124,8,FX,Penn State,9.7,-0.14144506231582385,0.1922868897563168,0.11859398069423238
33124,8,VT,Penn State,9.8,0.2479501834725966,0.1938124286149625,0.1210316580595111
33133,8,VT,Pittsburgh,9.725,-0.04409625086871873,-0.0555944558038417,0.1210316580595111
33134,8,BB,Pittsburgh,9.8,0.2479501834725966,-0.21261872760888634,-0.036365894959080325
33134,8,FX,Pittsburgh,9.825,0.3452989949196948,-0.05711999466248735,0.11859398069423238
33135,8,VT,Pittsburgh,9.75,0.05325256057838638,-0.0555944558038417,0.1210316580595111
33136,8,BB,Pittsburgh,9.85,0.4426478063667999,-0.21261872760888634,-0.036365894959080325
33137,8,BB,Rutgers,9.3,-1.6990260454694779,-0.47610306276426806,-0.036365894959080325
33137,8,FX,Rutgers,9.875,0.5399966178139051,-0.3206043298178691,0.11859398069423238
33137,8,UB,Rutgers,9.85,0.4426478063667999,-0.44396786652692044,0.0009673303052166182
33137,8,VT,Rutgers,9.75,0.05325256057838638,-0.3190787909592234,0.1210316580595111
33139,8,FX,Rutgers,9.725,-0.04409625086871873,-0.3206043298178691,0.11859398069423238
33139,8,VT,Rutgers,9.775,0.15060137202549148,-0.3190787909592234,0.1210316580595111
33141,8,UB,Rutgers,9.8,0.2479501834725966,-0.44396786652692044,0.0009673303052166182
33143,8,UB,Rutgers,9.8,0.2479501834725966,-0.44396786652692044,0.0009673303052166182
33179,8,VT,Stanford,9.725,-0.04409625086871873,0.42731615650792265,0.1210316580595111
33182,8,BB,Stanford,9.75,0.05325256057838638,0.270291884702878,-0.036365894959080325
33182,8,UB,Stanford,9.95,0.8320430521552135,0.30242708094022563,0.0009673303052166182
33182,8,VT,Stanford,9.85,0.4426478063667999,0.42731615650792265,0.1210316580595111
33183,8,FX,Stanford,9.85,0.4426478063667999,0.42579061764927695,0.11859398069423238
33183,8,VT,Stanford,9.7,-0.14144506231582385,0.42731615650792265,0.1210316580595111
33201,8,VT,Towson,9.775,0.15060137202549148,-0.02533735663411596,0.1210316580595111
33204,8,VT,Towson,9.575,-0.6281891195513425,-0.02533735663411596,0.1210316580595111
33212,8,FX,Utah,9.525,-0.8228867424455458,0.5850313408120809,0.11859398069423238
33213,8,BB,Utah,9.9,0.6373454292610101,0.4295326078656819,-0.036365894959080325
33213,8,UB,Utah,9.85,0.4426478063667999,0.4616678041030296,0.0009673303052166182
33220,8,VT,Washington,9.675,-0.23879387376292205,0.06518273293344601,0.1210316580595111
33222,8,BB,West Virginia,9.7,-0.14144506231582385,-0.33824642106243574,-0.036365894959080325
33222,8,VT,West Virginia,9.85,0.4426478063667999,-0.18122214925739105,0.1210316580595111
33223,8,FX,West Virginia,9.8,0.2479501834725966,-0.18274768811603676,0.11859398069423238
33224,8,VT,West Virginia,9.775,0.15060137202549148,-0.18122214925739105,0.1210316580595111
33226,8,BB,West Virginia,9.675,-0.23879387376292205,-0.33824642106243574,-0.036365894959080325
33226,8,FX,West Virginia,9.85,0.4426478063667999,-0.18274768811603676,0.11859398069423238
33226,8,VT,West Virginia,9.8,0.2479501834725966,-0.18122214925739105,0.1210316580595111
33227,8,FX,West Virginia,9.675,-0.23879387376292205,-0.18274768811603676,0.11859398069423238
33227,8,VT,West Virginia,9.725,-0.04409625086871873,-0.18122214925739105,0.1210316580595111
33243,8,BB,California,9.775,0.15060137202549148,0.2456006845310077,-0.036365894959080325
33244,8,FX,California,9.825,0.3452989949196948,0.40109941747740674,0.11859398069423238
33247,8,VT,California,9.85,0.4426478063667999,0.4026249563360522,0.1210316580595111
33248,8,BB,Iowa State,9.1,-2.477816537046312,-0.18540630885262332,-0.036365894959080325
33248,8,UB,Iowa State,9.875,0.5399966178139051,-0.1532711126152757,0.0009673303052166182
33256,8,BB,Georgia,9.925,0.7346942407081153,0.3472497899827979,-0.036365894959080325
33258,8,BB,Illinois,9.175,-2.1857701027049967,-0.29812545955217584,-0.036365894959080325
33259,8,BB,Missouri,9.975,0.9293918636023185,0.3485289066501819,-0.036365894959080325
33261,8,UB,Iowa State,9.8,0.2479501834725966,-0.1532711126152757,0.0009673303052166182
33290,8,VT,UCLA,9.625,-0.43349149665713227,0.504612681005254,0.1210316580595111
33291,8,FX,UCLA,9.9,0.6373454292610101,0.5030871421466085,0.11859398069423238
33291,8,UB,UCLA,9.875,0.5399966178139051,0.3797236054375571,0.0009673303052166182
33291,8,VT,UCLA,9.8,0.2479501834725966,0.504612681005254,0.1210316580595111
33292,8,FX,UCLA,9.625,-0.43349149665713227,0.5030871421466085,0.11859398069423238
33292,8,UB,UCLA,9.85,0.4426478063667999,0.3797236054375571,0.0009673303052166182
33292,8,VT,UCLA,9.925,0.7346942407081153,0.504612681005254,0.1210316580595111
33293,8,BB,Utah State,9.825,0.3452989949196948,-0.07996614948780678,-0.036365894959080325
33293,8,FX,Utah State,9.0,-2.8672117828347257,0.07553258345859226,0.11859398069423238
33293,8,VT,Utah State,9.8,0.2479501834725966,0.07705812231723796,0.1210316580595111
33294,8,BB,Utah State,9.75,0.05325256057838638,-0.07996614948780678,-0.036365894959080325
33294,8,FX,Utah State,9.85,0.4426478063667999,0.07553258345859226,0.11859398069423238
33294,8,UB,Utah State,9.8,0.2479501834725966,-0.04783095325045916,0.0009673303052166182
33295,8,UB,Utah State,9.925,0.7346942407081153,-0.04783095325045916,0.0009673303052166182
33295,8,VT,Utah State,9.775,0.15060137202549148,0.07705812231723796,0.1210316580595111
33319,8,BB,Air Force,9.75,0.05325256057838638,-0.27394136393807744,-0.036365894959080325
33324,8,UB,Air Force,9.775,0.15060137202549148,-0.24180616770072982,0.0009673303052166182
33326,8,BB,Air Force,9.75,0.05325256057838638,-0.27394136393807744,-0.036365894959080325
33326,8,UB,Air Force,9.275,-1.7963748569165832,-0.24180616770072982,0.0009673303052166182
33328,8,BB,Air Force,9.675,-0.23879387376292205,-0.27394136393807744,-0.036365894959080325
33329,8,VT,Air Force,8.85,-3.4513046515173493,-0.11691709213303281,0.1210316580595111
33348,8,VT,Yale,9.725,-0.04409625086871873,-0.435308519407856,0.1210316580595111
33350,8,BB,Yale,9.75,0.05325256057838638,-0.5923327912129006,-0.036365894959080325
33350,8,FX,Yale,9.75,0.05325256057838638,-0.4368340582665016,0.11859398069423238
33350,8,UB,Yale,9.675,-0.23879387376292205,-0.560197594975553,0.0009673303052166182
33351,8,BB,Yale,9.875,0.5399966178139051,-0.5923327912129006,-0.036365894959080325
33351,8,UB,Yale,9.6,-0.5308403081042373,-0.560197594975553,0.0009673303052166182
33383,8,FX,Towson,9.8,0.2479501834725966,-0.026862895492761607,0.11859398069423238
33383,8,VT,Towson,9.8,0.2479501834725966,-0.02533735663411596,0.1210316580595111
33384,8,BB,UCLA,9.85,0.4426478063667999,0.3475884092002095,-0.036365894959080325
33384,8,FX,UCLA,9.975,0.9293918636023185,0.5030871421466085,0.11859398069423238
33384,8,UB,UCLA,9.15,-2.2831189141521016,0.3797236054375571,0.0009673303052166182
33384,8,VT,UCLA,9.95,0.8320430521552135,0.504612681005254,0.1210316580595111
33385,8,BB,Florida,9.25,-1.8937236683636882,0.27890098578210576,-0.036365894959080325
33385,8,VT,Florida,9.725,-0.04409625086871873,0.4359252575871504,0.1210316580595111
