Team,Event,homeaway_factor,homeaway_factor_shrunk,total_weight
Air Force,BB,0.058962464541906255,0.044951224653712596,124.32710147317752
Alabama,BB,0.006860489211230232,0.007532488593372075,144.2700000492691
Alaska,BB,0.0,0.009692875537239489,72.3756967924016
Arizona,BB,0.03332738118468755,0.030191322168893305,143.33874728416598
Arizona State,BB,0.04565327098665415,0.04260024086571307,130.33396275899258
Arkansas,BB,0.037523221067459755,0.033466913065914004,142.55735035966563
Auburn,BB,0.0220482260040822,0.021538604315649162,139.95782607782476
BYU,BB,0.0,0.00545914316457371,139.72917674483537
Ball State,BB,0.03699846947220289,0.03328562903875594,128.04125239839527
Boise State,BB,0.0033378869248429674,0.00669647219587758,118.44328124450077
Bowling Green,BB,0.04143257958955477,0.02599558686723574,90.786162464986
Brown,BB,0.024191376313851556,0.020051142463296402,96.80724637681159
California,BB,0.0,0.003708498158678278,150.6097145213022
Central Michigan,BB,0.0,0.006525297504990606,85.28165617906997
Clemson,BB,0.0,0.008349019252242053,58.42720356698685
Cornell,BB,0.03786270542582692,0.032260445635013416,85.38819010198905
Cortland State,BB,0.03586820963783682,0.02016850839203291,70.05966810966812
Denver,BB,0.0,0.0033496992832519074,146.60271621203654
Eastern Michigan,BB,0.10450062339827919,0.07262611586719513,92.06193201363479
Fisk,BB,0.03568486974750893,0.015709515571762624,11.109811119679541
Florida,BB,0.025657731332628598,0.024869203007681535,146.08786990152723
George Washington,BB,0.0,0.00516727733435721,125.16734376734377
Georgia,BB,0.008499286597255934,0.009719774339864942,124.51334238860555
Greenville,BB,0.07277337559429466,0.021286200812509468,37.55952380952382
Gustavus Adolphus,BB,0.12459180199891987,0.047038854649099404,72.99221672720125
Hamline,BB,0.0,0.011912204283716067,69.73005997270702
Illinois,BB,0.030521198251060453,0.02639656648821985,137.48625297864896
Illinois State,BB,0.0,0.005082900052723185,122.31641062189844
Iowa,BB,0.0,0.0038257905377017173,133.72774920264402
Iowa State,BB,0.0,0.0057390150313832815,131.98660638579202
Kent State,BB,0.019353523367278913,0.01802171819192362,124.63250000853395
Kentucky,BB,0.012953531323980708,0.013406639091742712,133.3944767893576
LIU,BB,0.041160528505755585,0.03149556134357,92.16410779331495
LSU,BB,0.012989602388098579,0.013309049734646456,146.7677201261235
Maryland,BB,0.06713674374190448,0.05197517030425737,141.8001460330148
Michigan,BB,0.002217508803051508,0.0036555838473177216,134.21683389074693
Michigan State,BB,0.02675714403653072,0.02572068631374429,143.1607356487331
Minnesota,BB,0.0,0.0033183266658603737,136.59973425267543
Missouri,BB,0.0029759089075098973,0.004748802493104803,131.94239177489177
Nebraska,BB,0.009343860131446122,0.010886443132431842,133.74626647152223
New Hampshire,BB,0.007604940457189561,0.010842884635074091,107.29677065968089
North Carolina,BB,0.0,0.0027891122313654735,135.17342234552686
North Carolina State,BB,0.04014027143859417,0.035712765310082197,113.54948555615701
Northern Illinois,BB,0.0,0.0061363948308014,95.05645272601794
Ohio State,BB,0.0,0.0037104632224385006,143.58691776913466
Oklahoma,BB,0.0,0.002322116104615978,166.74133571272546
Oregon State,BB,0.03278414616778414,0.03070060767818669,137.03621870882742
Penn State,BB,0.006337196381881299,0.008833127861505675,134.28962930600107
Pennsylvania,BB,0.0,0.006163412516883293,82.45979886602903
Pittsburgh,BB,0.0,0.013179731505438878,25.828571428571426
Rutgers,BB,0.029499754906426163,0.028018011699871295,139.57263124734897
Sacramento State,BB,0.0537592912378213,0.04233778342995084,100.96766337527208
San Jose State,BB,0.011713677704358964,0.013249874280457001,88.50753801078345
Southern Utah,BB,0.06543575216243429,0.05561494967591672,142.6249949017391
Stanford,BB,0.037444551524750035,0.032524726301054935,123.76502386502386
Temple,BB,0.029688662919273804,0.023418056100476488,98.7082480321611
Texas Woman's,BB,0.03732428522577023,0.02615861968675134,122.3276874370992
Towson,BB,0.04864734002093552,0.0385635569261429,146.31878669499628
UC Davis,BB,0.0593427290148949,0.0521413629113628,90.8060669692938
UCLA,BB,0.021195419324789598,0.020577767471128574,140.27361024744832
Utah,BB,0.04698011352903823,0.0456285662804525,149.12892521003215
Utah State,BB,0.013190885514757594,0.013753171831918131,127.2197204067433
Washington,BB,0.00791310816792583,0.009714074517764702,137.7251630296387
West Virginia,BB,0.0,0.004764653924187788,135.42187064741245
Western Michigan,BB,0.07387397897583092,0.0511741376142756,88.78017599934434
Yale,BB,0.0,0.011318090083593173,23.066666666666663
Air Force,FX,0.0069635004184284,0.00894120814179801,123.8689493001278
Alabama,FX,0.028221620073777213,0.02820495477625361,142.52236966493052
Alaska,FX,0.0,0.017900050421737597,74.0500208855472
Arizona,FX,0.040887967764360364,0.04023378844043218,143.2971005946238
Arizona State,FX,0.0,0.0011252056317154271,130.85344246195248
Arkansas,FX,0.06371871683738879,0.06000870421195015,143.09533676533678
Auburn,FX,0.06681976471507292,0.06317397629006685,138.62331029185867
BYU,FX,0.022768167679603192,0.02306399850236636,138.44648684648683
Ball State,FX,0.029810293781744077,0.029632456233223643,128.27895104895106
Boise State,FX,0.031165451873323053,0.031030641903605823,116.52910365869856
Bowling Green,FX,0.0,0.009538552789743495,91.46827761018938
Brown,FX,0.0518436110281609,0.047809717748005395,95.5273120584266
California,FX,0.008331188073773572,0.009472158255631954,149.9536592202872
Central Michigan,FX,0.09149321283558719,0.08323197516202127,86.60711726466202
Clemson,FX,0.051631547371058566,0.0467137625784757,61.75821955821956
Cornell,FX,0.00012413709534211365,0.009972921874623845,88.18961883527099
Cortland State,FX,0.11133334918294233,0.08326785686417171,71.83833560884308
Denver,FX,0.058912940894289036,0.04582739166257627,146.46863738256926
Eastern Michigan,FX,0.023949660794849614,0.024488582281636397,91.7685488424619
Fisk,FX,0.0,0.02592343207510899,11.07968172776357
Florida,FX,0.0,0.0064504626289117704,145.8487101636718
George Washington,FX,0.06251874943823817,0.06105304326126177,124.53948401159354
Georgia,FX,0.05032567898883402,0.04904926561052557,124.45974684862557
Greenville,FX,0.0,0.013208217321795274,36.06300366300366
Gustavus Adolphus,FX,0.11021652320281777,0.08541045675107575,70.25755092860356
Hamline,FX,0.0754521108910967,0.05496837431884817,71.39190251612852
Illinois,FX,0.0,0.009142572359651234,140.25642851278852
Illinois State,FX,0.0,0.002947196992843751,126.23535661670526
Iowa,FX,0.03947478451006421,0.038617055342537135,129.3954084804085
Iowa State,FX,0.0015662224153391816,0.003705889017224847,132.09593718657413
Kent State,FX,0.0346647164693232,0.03438678272216835,123.15946055537145
Kentucky,FX,0.010952163989429496,0.012220483222415715,133.99358843979633
LIU,FX,0.03367745167904051,0.028808962766651014,91.85394703335879
LSU,FX,0.03477646495613911,0.034464188438106544,147.28800278325048
Maryland,FX,0.0,0.0019387604200855335,139.11959277691543
Michigan,FX,0.04555527079425342,0.045374302161671994,132.52646619230302
Michigan State,FX,0.020432151974810943,0.021011642459452806,143.69809046279633
Minnesota,FX,0.0,0.004829781062543243,137.1619446051025
Missouri,FX,0.020827631214129422,0.020931570902307458,132.3350476335259
Nebraska,FX,0.041956785526741994,0.0401550104084531,132.69549941314648
New Hampshire,FX,0.026591759646030357,0.026727742976282977,103.73370442018448
North Carolina,FX,0.0,0.0024748650083386593,134.62989118724414
North Carolina State,FX,0.04554172105185354,0.043278785799431466,112.5806599001721
Northern Illinois,FX,0.0,0.0038475959950460097,94.79019314019314
Ohio State,FX,0.025305112355555284,0.025457759778550318,140.84267292205584
Oklahoma,FX,0.01681853236079415,0.016884852342737892,166.5685549736331
Oregon State,FX,0.08252162053530508,0.06763783405167527,132.5928098022267
Penn State,FX,0.017453365732282667,0.01847475422508367,136.93256656413368
Pennsylvania,FX,0.0,0.004478105219462927,84.01133753501401
Pittsburgh,FX,0.05159846547314579,0.04102229916765637,26.06666666666667
Rutgers,FX,0.07303156285585793,0.06727499853894958,140.9509100095307
Sacramento State,FX,0.09260542119326172,0.08620257168811793,100.44472635207929
San Jose State,FX,0.0,0.00578564959915422,91.72837995337994
Southern Utah,FX,0.04937803754200189,0.04795575821107852,145.49347726347725
Stanford,FX,0.04788942432221804,0.04040672783176737,123.13207659596834
Temple,FX,0.13632924173621233,0.07469112354843076,96.07226825805772
Texas Woman's,FX,0.041523683260691766,0.04031182967981021,121.26060060872243
Towson,FX,0.05213916058378734,0.05086193675658983,146.00982186844254
UC Davis,FX,0.029562807150926466,0.029411229602776572,90.70754752493883
UCLA,FX,0.03865403897919264,0.03823273125077245,139.17608091068382
Utah,FX,0.0,0.0020176482263834263,146.32106899562464
Utah State,FX,0.0,0.0046208473409900495,124.55450438450438
Washington,FX,0.05565908717676067,0.0546358366227401,135.70929611680577
West Virginia,FX,0.062296297213546244,0.054840675413332554,135.68536178453394
Western Michigan,FX,0.005229103134915263,0.006247774777897362,89.69771806308808
Yale,FX,0.13903508771929807,0.1045731518036923,23.75
Air Force,UB,0.09609436497578418,0.07526108085233602,122.63445995228604
Alabama,UB,0.010026703644268171,0.010552774491705892,144.02381003470697
Alaska,UB,0.0,0.01285264091494109,74.81906560996396
Arizona,UB,0.0,0.008869468580836539,144.04630908098994
Arizona State,UB,0.0,0.0008714580168409543,132.42733521397764
Arkansas,UB,0.0,0.0035848584103317753,144.0151465045327
Auburn,UB,0.079761594223675,0.07205546294663216,139.76440932518494
BYU,UB,0.013951314207094986,0.015103424262784047,137.92778887778888
Ball State,UB,0.0284057944147717,0.027505498763040478,127.69824170774116
Boise State,UB,0.005404780317413654,0.009149590002395746,116.05812885309453
Bowling Green,UB,0.0,0.015866569607657838,89.73424242424242
Brown,UB,0.039649995296234794,0.03408849349140626,95.24550300576615
California,UB,0.03507073083390121,0.03458631580959888,150.6632468838351
Central Michigan,UB,0.012728033364887726,0.015248551579487523,87.75720414850848
Clemson,UB,0.04853394961687574,0.038764419975867936,61.21349206349206
Cornell,UB,0.0,0.007198484858932205,84.93708513708513
Cortland State,UB,0.025857061160607053,0.021138921748731557,71.9134199134199
Denver,UB,0.0,0.0010287806907180834,149.9698653198653
Eastern Michigan,UB,0.0977647038401272,0.08270894634552992,92.95531207922512
Fisk,UB,0.0,0.018895239277925763,10.956284565108096
Florida,UB,0.0,0.0028713665731540973,148.13128888990957
George Washington,UB,0.07484013245368659,0.06480225764804379,125.7493090458943
Georgia,UB,0.013686503910350692,0.014666898779695143,125.25005105538064
Greenville,UB,0.0,0.016893799684185452,39.37301587301587
Gustavus Adolphus,UB,0.09263136891768305,0.05726990165267265,72.65037348272642
Hamline,UB,0.06125271170217887,0.03315870919857803,72.52179487179488
Illinois,UB,0.0,0.005530350990700431,141.7238875652979
Illinois State,UB,0.09659505694213703,0.06920801577053788,125.38774934065094
Iowa,UB,0.03995464793254233,0.034890632113813574,131.1132661198451
Iowa State,UB,0.03150690717517705,0.0263069857879692,132.36880570409983
Kent State,UB,0.006160573005208521,0.00807413652945669,124.191322982936
Kentucky,UB,0.027680282532336935,0.02727097685534096,136.42498219038933
LIU,UB,0.11078745184860586,0.04836894975551373,94.58364948891267
LSU,UB,0.002635216092801173,0.003447233951699581,149.63053377542454
Maryland,UB,0.026275759088122727,0.025674996106379806,141.80871599431458
Michigan,UB,0.0,0.00192477478043325,134.2636456733231
Michigan State,UB,0.038724886773002,0.037810692360108936,141.31749568539502
Minnesota,UB,0.006780153090090057,0.007627670974887913,137.6795786437238
Missouri,UB,0.024371173534953626,0.024075811284258616,132.89779197813684
Nebraska,UB,0.0,0.0006814570521369544,135.60959388568085
New Hampshire,UB,0.0936904601424707,0.06905886908369917,104.71387372173749
North Carolina,UB,0.012839232141740464,0.013786525747439797,133.65559874064857
North Carolina State,UB,0.019297117639724838,0.019320389447541275,110.59031487933927
Northern Illinois,UB,0.00916039384406287,0.011964273924804418,94.6740446679577
Ohio State,UB,0.0278221511801777,0.02664464570206827,143.54110249588862
Oklahoma,UB,0.0007595901237757006,0.0009587797125939455,166.2382232946672
Oregon State,UB,0.0,0.0021453449347184385,136.18997472726466
Penn State,UB,0.0,0.004043333437649958,138.3238059062197
Pennsylvania,UB,0.017481768333422135,0.01865677709582622,85.52216485373708
Pittsburgh,UB,0.0,0.014939234499016707,25.344444444444445
Rutgers,UB,0.0,0.0067474707909178575,137.7573739126371
Sacramento State,UB,0.10642526622518256,0.08206706388673753,101.9742069042069
San Jose State,UB,0.05897042570564422,0.04805260004888384,91.79777986262708
Southern Utah,UB,0.03817595811065018,0.03695091092523234,143.0401475736866
Stanford,UB,0.020119554075865895,0.020075394058387958,126.4097460795918
Temple,UB,0.019855447396742925,0.01973604733746576,97.05695631193933
Texas Woman's,UB,0.032259325731752185,0.02820703104469901,117.99144744144745
Towson,UB,0.01545953114946764,0.016434077434600115,146.32098352678744
UC Davis,UB,0.01620743411991462,0.017750413700576402,92.19045055821371
UCLA,UB,0.056395090506796475,0.04889985456958264,139.8717134717135
Utah,UB,0.00765519274083567,0.008526630096005529,149.5439189132252
Utah State,UB,0.0,0.0026508243414580315,125.01470208535426
Washington,UB,0.021215794219646714,0.021063258604452118,134.1111091591089
West Virginia,UB,0.013364083161228769,0.014753705412984437,136.84133588583717
Western Michigan,UB,0.04985787012581143,0.043284033239645844,88.6509549274255
Yale,UB,0.15697468354430327,0.03988488414219403,23.51190476190476
Air Force,VT,0.05166306831862671,0.018274619723644626,121.45925629593826
Alabama,VT,0.0,0.0019597146973163344,142.3330889963243
Alaska,VT,0.0,0.005986457584030962,71.50536978890368
Arizona,VT,0.0,0.0007893442574041839,142.80292097227579
Arizona State,VT,0.00596000093878892,0.006235388201631643,131.23790630856533
Arkansas,VT,0.015648650340635308,0.014569337579340685,142.84708069782778
Auburn,VT,0.016396958383527248,0.013580774359685632,139.48379727056198
BYU,VT,0.0,0.0018946121632201262,138.880353970724
Ball State,VT,0.0,0.004463068864298695,127.41557450606953
Boise State,VT,0.03969434504354553,0.026105876034706075,117.20500553460046
Bowling Green,VT,0.0,0.004657713540440702,90.62070511188158
Brown,VT,0.0,0.006142686555559555,94.9010989010989
California,VT,0.02380207195476086,0.012714061714759728,150.4354063363182
Central Michigan,VT,0.0,0.0035804787063317763,87.42629327194544
Clemson,VT,0.01572060073242022,0.010017861978437275,61.57832401516612
Cornell,VT,0.003725494225257523,0.006297205894712085,86.2343342079915
Cortland State,VT,0.0,0.005644625144683576,71.50863872969136
Denver,VT,0.0010829116675340309,0.0017203775776665209,147.9222111222111
Eastern Michigan,VT,0.014627861170730772,0.00838994479366401,92.50225536582356
Fisk,VT,0.0,0.006678960190434174,10.677441077441078
Florida,VT,0.0,0.00317676364452659,148.72733491288477
George Washington,VT,0.0,0.0023843401100274424,125.17814006988804
Georgia,VT,0.0177413467922054,0.01345581019584798,123.7917193917194
Greenville,VT,0.058234616650214066,0.01262581367872726,36.17857142857143
Gustavus Adolphus,VT,0.0,0.003973431793599269,70.99329613268232
Hamline,VT,0.0,0.006087529963308689,70.79688805346701
Illinois,VT,0.03798168980987195,0.015194963267907317,138.13493836966325
Illinois State,VT,0.0,0.003331382093874656,125.5462861599115
Iowa,VT,0.001485092893036766,0.0027735438139029336,130.65792626125284
Iowa State,VT,0.05315245235435281,0.022503780419022578,131.03741553132858
Kent State,VT,0.024526692593088213,0.014593924763547483,123.78579925217372
Kentucky,VT,0.0111650236719112,0.009752957729370775,136.48968094059586
LIU,VT,0.0,0.005748773043558243,91.23633366633366
LSU,VT,0.016747582984593803,0.014501691293692453,148.31267732267733
Maryland,VT,0.01115324034918772,0.01035527716473297,141.6950126066301
Michigan,VT,0.033528868124386234,0.01860352459047111,132.60514345636295
Michigan State,VT,0.02200744553371282,0.017096845232197788,142.14065067909462
Minnesota,VT,0.0,0.004498849922087728,137.69432298695455
Missouri,VT,0.011958412379492106,0.008891106599545312,129.48701456935498
Nebraska,VT,0.011122523630205593,0.01018977578606803,132.21624424550504
New Hampshire,VT,0.01383135843136402,0.010802384907297707,105.88776324108132
North Carolina,VT,0.0,0.0024298736634753414,136.35198500493766
North Carolina State,VT,0.024093264367571268,0.01876899500979006,112.90701465652687
Northern Illinois,VT,0.0,0.003132051749921875,95.0347758288151
Ohio State,VT,0.0,0.003291018592641171,142.82195284602903
Oklahoma,VT,0.01699671556828385,0.013897429992596739,166.82883376623784
Oregon State,VT,0.0,0.0026197523381394083,136.3003862150921
Penn State,VT,0.00947605686139418,0.008709456900372364,136.0183637209899
Pennsylvania,VT,0.009756927268326604,0.008019659062496869,85.50346772638792
Pittsburgh,VT,0.040948275862069124,0.03108310421194397,25.77777777777778
Rutgers,VT,0.0,0.0032141944294763296,140.12794553117135
Sacramento State,VT,0.05970517049807085,0.03506679337753977,100.03004101161996
San Jose State,VT,0.0,0.003561826767985905,92.06757161379586
Southern Utah,VT,0.018275945962071195,0.015729595593579938,144.43931445659646
Stanford,VT,0.001251687987145763,0.002351217557979563,120.3678852544711
Temple,VT,0.03671552458251589,0.016178363126489362,96.5648386637517
Texas Woman's,VT,0.012782396870322545,0.009588792590875434,121.27152841453226
Towson,VT,0.021632322369559382,0.01687915222045017,146.6890581140841
UC Davis,VT,0.008193533871238832,0.0075692268815179655,93.20998056197949
UCLA,VT,0.03719898385640584,0.028403715723415844,139.20571095571097
Utah,VT,0.013957569616408748,0.010549714954837627,149.14720026936044
Utah State,VT,0.0,0.003552700128801625,124.03707413247353
Washington,VT,0.0,0.0018607947151112686,136.47465222116386
West Virginia,VT,0.027238806677631202,0.019629770852064278,135.62181443703182
Western Michigan,VT,0.019131816620942807,0.013949363176240202,88.94154351395731
Yale,VT,0.0,0.004656977643881431,21.178571428571427
Air Force,AA,0.21368339825474553,0.14742813337149124,492.2897670215296
Alabama,AA,0.04510881292927561,0.048249932558647915,573.1492687452309
Alaska,AA,0.0,0.04643202445794914,292.75015307681645
Arizona,AA,0.07421534894904791,0.08008392344756621,573.4850779320554
Arizona State,AA,0.05161327192544307,0.05083229271590109,524.8526467434881
Arkansas,AA,0.11689058824548386,0.11162981326753661,572.5149143273629
Auburn,AA,0.18502654332635737,0.17034881791203382,557.8293429654303
BYU,AA,0.03671948188669818,0.04552117809294424,554.9838064398351
Ball State,AA,0.09521455766871867,0.09488665289931876,511.43401966115704
Boise State,AA,0.0796024641591252,0.07298258013658522,468.23551929089433
Bowling Green,AA,0.04143257958955477,0.05605842280507777,362.6093876112994
Brown,AA,0.11568498263824725,0.10809204025826762,382.48116034210324
California,AA,0.06720399086243564,0.06048103393866884,601.6620269617426
Central Michigan,AA,0.10422124620047492,0.10858630295283117,347.0722708641859
Clemson,AA,0.11588609772035452,0.10384506378502296,242.9772392038646
Cornell,AA,0.041712336746426555,0.05572905826328155,344.7492282823367
Cortland State,AA,0.1730586199813862,0.13021991214961975,285.3200623616225
Denver,AA,0.05999585256182307,0.05192624921421278,590.9634300366822
Eastern Michigan,AA,0.24084284920398677,0.18821358928802545,369.28804830114535
Fisk,AA,0.03568486974750893,0.06720714711523156,43.823218489992286
Florida,AA,0.025657731332628598,0.037367795854273994,588.7952038679933
George Washington,AA,0.13735888189192474,0.1334069183536902,500.6342768947196
Georgia,AA,0.09025281628864604,0.08689174892593364,498.01485968433116
Greenville,AA,0.1310079922445087,0.06401403149721745,149.1741147741148
Gustavus Adolphus,AA,0.3274396941194207,0.19369264484644708,286.89343727121354
Hamline,AA,0.13670482259327557,0.10612681776445096,284.44064541409745
Illinois,AA,0.06850288806093241,0.05626445310647883,557.6015074263986
Illinois State,AA,0.09659505694213703,0.08056949490997947,499.48580273916616
Iowa,AA,0.0809145253356433,0.08010702180795536,524.8943500641504
Iowa State,AA,0.08622558194486904,0.058255670255599905,527.4887648077945
Kent State,AA,0.08470550543489884,0.07507656220709615,495.7690827990151
Kentucky,AA,0.06275100151765833,0.06265105689887016,540.3027283601391
LIU,AA,0.18562543203340195,0.11442224690929298,369.8380379819201
LSU,AA,0.06714886642163266,0.06572216341814503,591.9989340074758
Maryland,AA,0.10456574317921492,0.08994420399545568,564.4234674108749
Michigan,AA,0.08130164772169116,0.06955818537989407,533.612089212736
Michigan State,AA,0.10792162831805649,0.10163986636550382,570.316972476019
Minnesota,AA,0.006780153090090057,0.020274628625379258,549.1355804884563
Missouri,AA,0.06013312603608505,0.05864729127921619,526.6622459559095
Nebraska,AA,0.062423169288393705,0.06191268637908993,534.2676040158547
New Hampshire,AA,0.14171851867705465,0.11743188160235395,421.6321120426842
North Carolina,AA,0.012839232141740464,0.02148037665061927,539.8108972783573
North Carolina State,AA,0.12907237449774384,0.117080935566845,449.62747499219523
Northern Illinois,AA,0.00916039384406287,0.025080316500573702,379.5554663629839
Ohio State,AA,0.05312726353573298,0.05910388729569826,570.7926460331082
Oklahoma,AA,0.0345748380528537,0.03406317815254455,666.3769477472636
Oregon State,AA,0.11530576670308922,0.1031035390027198,542.1193894534108
Penn State,AA,0.033266618975558146,0.04006067242461167,545.5643654973444
Pennsylvania,AA,0.02723869560174874,0.03731795389466931,337.49676898116803
Pittsburgh,AA,0.09254674133521491,0.10022436938405593,103.01746031746032
Rutgers,AA,0.1025313177622841,0.10525467545921506,558.4088607006881
Sacramento State,AA,0.3124951491543364,0.24567421238234607,403.4166376431782
San Jose State,AA,0.07068410341000318,0.07064995069648097,364.10126944058635
Southern Utah,AA,0.17126569377715756,0.15625121440580753,575.5979341954994
Stanford,AA,0.10670521790997974,0.09535806574918983,493.6747317950551
Temple,AA,0.22258887663474494,0.13402359011286236,388.4023112659098
Texas Woman's,AA,0.12388969108853673,0.10426627300213599,482.8512639018013
Towson,AA,0.13787835412374988,0.12273872333778302,585.3386502043104
UC Davis,AA,0.11330650415697482,0.10687223309623374,366.91404561442585
UCLA,AA,0.15344353266718455,0.1361140690148995,558.5271155855567
Utah,AA,0.06859287588628264,0.06672255955767908,594.1411133882425
Utah State,AA,0.013190885514757594,0.02457754364316784,500.82600100907547
Washington,AA,0.08478798956433321,0.08727396446006819,544.0202205267173
West Virginia,AA,0.10289918705240622,0.09398880560256906,543.5703827548153
Western Michigan,AA,0.14809276885750042,0.114655308808059,356.07039250381524
Yale,AA,0.29600977126360134,0.16043310367336094,91.50714285714285
